txn_id,merchant_id,payer_id,amount,timestamp,status
T000001,M003,P0934,540.15,2025-01-01 00:00:00,failed
T000002,M019,P0807,1.0,2025-01-01 00:15:00,failed
T000003,M016,P1116,31.95,2025-01-01 00:30:00,completed
T000004,M011,P1153,277.77,2025-01-01 00:45:00,completed
T000005,M011,P0846,214.87,2025-01-01 01:00:00,failed
T000006,M021,P0446,577.73,2025-01-01 01:15:00,completed
T000007,M003,P0719,354.4,2025-01-01 01:30:00,completed
T000008,M017,P0511,326.22,2025-01-01 01:45:00,completed
T000009,M005,P0755,390.89,2025-01-01 02:00:00,failed
T000010,M003,P0975,426.04,2025-01-01 02:15:00,pending
T000011,M013,P0444,480.69,2025-01-01 02:30:00,pending
T000012,M024,P0607,139.46,2025-01-01 02:45:00,pending
T000013,M018,P0055,485.88,2025-01-01 03:00:00,failed
T000014,M019,P0884,290.94,2025-01-01 03:15:00,completed
T000015,M018,P0588,1.0,2025-01-01 03:30:00,failed
T000016,M019,P0552,166.74,2025-01-01 03:45:00,failed
T000017,M013,P0639,445.62,2025-01-01 04:00:00,failed
T000018,M004,P0259,383.19,2025-01-01 04:15:00,completed
T000019,M021,P0718,701.17,2025-01-01 04:30:00,completed
T000020,M011,P0895,345.06,2025-01-01 04:45:00,failed
T000021,M013,P0420,404.8,2025-01-01 05:00:00,failed
T000022,M009,P0158,355.1,2025-01-01 05:15:00,completed
T000023,M005,P0465,62.01,2025-01-01 05:30:00,completed
T000024,M023,P0239,227.31,2025-01-01 05:45:00,pending
T000025,M019,P0449,715.65,2025-01-01 06:00:00,pending
T000026,M016,P0753,535.05,2025-01-01 06:15:00,completed
T000027,M010,P0137,340.41,2025-01-01 06:30:00,pending
T000028,M020,P0897,244.87,2025-01-01 06:45:00,failed
T000029,M014,P0270,371.44,2025-01-01 07:00:00,failed
T000030,M011,P1074,208.83,2025-01-01 07:15:00,failed
T000031,M011,P0879,327.49,2025-01-01 07:30:00,pending
T000032,M006,P0328,763.94,2025-01-01 07:45:00,pending
T000033,M003,P0676,333.85,2025-01-01 08:00:00,failed
T000034,M014,P0133,314.79,2025-01-01 08:15:00,completed
T000035,M022,P0120,396.67,2025-01-01 08:30:00,failed
T000036,M002,P1148,269.53,2025-01-01 08:45:00,failed
T000037,M021,P0963,387.9,2025-01-01 09:00:00,pending
T000038,M020,P0186,389.96,2025-01-01 09:15:00,completed
T000039,M007,P0340,599.07,2025-01-01 09:30:00,pending
T000040,M016,P0238,642.93,2025-01-01 09:45:00,failed
T000041,M004,P0475,339.37,2025-01-01 10:00:00,completed
T000042,M019,P0350,262.63,2025-01-01 10:15:00,failed
T000043,M017,P0394,212.04,2025-01-01 10:30:00,failed
T000044,M009,P0636,769.58,2025-01-01 10:45:00,completed
T000045,M002,P0227,497.5,2025-01-01 11:00:00,completed
T000046,M024,P1060,574.82,2025-01-01 11:15:00,completed
T000047,M011,P0874,473.78,2025-01-01 11:30:00,failed
T000048,M022,P0913,71.39,2025-01-01 11:45:00,pending
T000049,M017,P0204,302.24,2025-01-01 12:00:00,failed
T000050,M019,P0850,1.0,2025-01-01 12:15:00,failed
T000051,M019,P1004,540.86,2025-01-01 12:30:00,pending
T000052,M005,P0211,483.13,2025-01-01 12:45:00,completed
T000053,M009,P0902,774.76,2025-01-01 13:00:00,completed
T000054,M012,P0430,274.19,2025-01-01 13:15:00,failed
T000055,M012,P0946,371.36,2025-01-01 13:30:00,failed
T000056,M002,P0575,247.99,2025-01-01 13:45:00,completed
T000057,M014,P0963,236.43,2025-01-01 14:00:00,pending
T000058,M004,P0177,418.16,2025-01-01 14:15:00,failed
T000059,M018,P0467,1.0,2025-01-01 14:30:00,failed
T000060,M017,P0329,620.22,2025-01-01 14:45:00,pending
T000061,M023,P0299,422.35,2025-01-01 15:00:00,completed
T000062,M018,P0370,319.33,2025-01-01 15:15:00,completed
T000063,M009,P0459,352.38,2025-01-01 15:30:00,pending
T000064,M024,P0153,105.51,2025-01-01 15:45:00,pending
T000065,M010,P0849,198.63,2025-01-01 16:00:00,pending
T000066,M008,P0661,332.03,2025-01-01 16:15:00,pending
T000067,M022,P0996,452.93,2025-01-01 16:30:00,failed
T000068,M009,P0847,414.28,2025-01-01 16:45:00,completed
T000069,M002,P0179,546.49,2025-01-01 17:00:00,completed
T000070,M012,P0084,375.04,2025-01-01 17:15:00,pending
T000071,M020,P0508,332.74,2025-01-01 17:30:00,failed
T000072,M005,P0578,337.04,2025-01-01 17:45:00,pending
T000073,M012,P0289,576.75,2025-01-01 18:00:00,failed
T000074,M004,P0939,189.84,2025-01-01 18:15:00,failed
T000075,M017,P0698,261.4,2025-01-01 18:30:00,pending
T000076,M012,P0898,282.77,2025-01-01 18:45:00,completed
T000077,M008,P0131,437.35,2025-01-01 19:00:00,pending
T000078,M006,P0979,510.02,2025-01-01 19:15:00,completed
T000079,M014,P0248,606.24,2025-01-01 19:30:00,completed
T000080,M017,P0538,181.84,2025-01-01 19:45:00,completed
T000081,M023,P0528,187.36,2025-01-01 20:00:00,completed
T000082,M010,P0853,999.0,2025-01-01 20:15:00,failed
T000083,M010,P0853,2499.0,2025-01-01 20:15:00,pending
T000084,M010,P0853,1999.0,2025-01-01 20:15:00,completed
T000085,M010,P0853,1499.0,2025-01-01 20:15:00,completed
T000086,M010,P0853,1499.0,2025-01-01 20:15:00,failed
T000087,M010,P0853,2499.0,2025-01-01 20:15:00,pending
T000088,M010,P0853,2499.0,2025-01-01 20:15:00,completed
T000089,M010,P0853,2499.0,2025-01-01 20:15:00,completed
T000090,M010,P0853,1999.0,2025-01-01 20:15:00,pending
T000091,M010,P0853,2499.0,2025-01-01 20:15:00,failed
T000092,M010,P0853,1499.0,2025-01-01 20:15:00,failed
T000093,M010,P0853,1999.0,2025-01-01 20:15:00,failed
T000094,M010,P0853,1499.0,2025-01-01 20:15:00,failed
T000095,M010,P0853,1999.0,2025-01-01 20:15:00,completed
T000096,M010,P0853,2499.0,2025-01-01 20:15:00,completed
T000097,M010,P0853,2499.0,2025-01-01 20:15:00,completed
T000098,M011,P0985,268.79,2025-01-01 20:15:00,completed
T000099,M004,P0333,145.1,2025-01-01 20:30:00,completed
T000100,M020,P0289,264.59,2025-01-01 20:45:00,failed
T000101,M016,P0408,229.07,2025-01-01 21:00:00,pending
T000102,M017,P0433,562.12,2025-01-01 21:15:00,completed
T000103,M003,P0219,385.86,2025-01-01 21:30:00,failed
T000104,M008,P0212,380.69,2025-01-01 21:45:00,pending
T000105,M019,P0278,297.79,2025-01-01 22:00:00,completed
T000106,M020,P0561,396.17,2025-01-01 22:15:00,failed
T000107,M011,P0413,428.35,2025-01-01 22:30:00,failed
T000108,M020,P0471,197.84,2025-01-01 22:45:00,pending
T000109,M021,P0863,504.63,2025-01-01 23:00:00,failed
T000110,M010,P0290,67.2,2025-01-01 23:15:00,failed
T000111,M022,P1092,488.73,2025-01-01 23:30:00,completed
T000112,M007,P0903,195.71,2025-01-01 23:45:00,pending
T000113,M006,P0210,348.39,2025-01-02 00:00:00,completed
T000114,M017,P0377,123.41,2025-01-02 00:15:00,failed
T000115,M016,P0221,538.65,2025-01-02 00:30:00,failed
T000116,M004,P0328,150.42,2025-01-02 00:45:00,completed
T000117,M020,P0439,391.3,2025-01-02 01:00:00,pending
T000118,M005,P0158,265.25,2025-01-02 01:15:00,completed
T000119,M020,P0018,483.08,2025-01-02 01:30:00,pending
T000120,M001,P0527,187.03,2025-01-02 01:45:00,pending
T000121,M020,P0842,377.73,2025-01-02 02:00:00,completed
T000122,M019,P0364,572.87,2025-01-02 02:15:00,pending
T000123,M019,P1033,230.29,2025-01-02 02:30:00,completed
T000124,M016,P0444,208.85,2025-01-02 02:45:00,completed
T000125,M012,P1081,678.72,2025-01-02 03:00:00,pending
T000126,M017,P0284,589.13,2025-01-02 03:15:00,failed
T000127,M007,P0648,231.83,2025-01-02 03:30:00,completed
T000128,M019,P0916,456.44,2025-01-02 03:45:00,pending
T000129,M014,P0071,167.12,2025-01-02 04:00:00,failed
T000130,M012,P1117,490.61,2025-01-02 04:15:00,completed
T000131,M013,P0438,539.48,2025-01-02 04:30:00,pending
T000132,M014,P0598,358.04,2025-01-02 04:45:00,completed
T000133,M001,P0755,486.5,2025-01-02 05:00:00,pending
T000134,M004,P0772,117.17,2025-01-02 05:15:00,completed
T000135,M006,P0029,203.66,2025-01-02 05:30:00,completed
T000136,M003,P1041,568.79,2025-01-02 05:45:00,completed
T000137,M011,P0749,640.88,2025-01-02 06:00:00,completed
T000138,M017,P1199,401.71,2025-01-02 06:15:00,pending
T000139,M016,P0566,484.79,2025-01-02 06:30:00,completed
T000140,M012,P0737,322.42,2025-01-02 06:45:00,completed
T000141,M021,P0530,201.66,2025-01-02 07:00:00,failed
T000142,M014,P1068,410.04,2025-01-02 07:15:00,pending
T000143,M002,P0999,383.39,2025-01-02 07:30:00,completed
T000144,M019,P1091,448.3,2025-01-02 07:45:00,failed
T000145,M014,P0606,393.68,2025-01-02 08:00:00,failed
T000146,M016,P0950,342.32,2025-01-02 08:15:00,pending
T000147,M014,P0431,424.32,2025-01-02 08:30:00,pending
T000148,M014,P0554,416.55,2025-01-02 08:45:00,pending
T000149,M003,P0913,470.32,2025-01-02 09:00:00,pending
T000150,M014,P0098,359.33,2025-01-02 09:15:00,failed
T000151,M020,P0853,237.75,2025-01-02 09:30:00,completed
T000152,M008,P0019,147.51,2025-01-02 09:45:00,completed
T000153,M015,P0697,577.84,2025-01-02 10:00:00,completed
T000154,M001,P0573,446.74,2025-01-02 10:15:00,pending
T000155,M009,P0563,705.0,2025-01-02 10:30:00,pending
T000156,M011,P0594,895.72,2025-01-02 10:45:00,completed
T000157,M024,P0591,309.04,2025-01-02 11:00:00,pending
T000158,M006,P0489,278.4,2025-01-02 11:15:00,completed
T000159,M007,P0542,417.02,2025-01-02 11:30:00,failed
T000160,M010,P0682,329.5,2025-01-02 11:45:00,pending
T000161,M024,P0917,669.81,2025-01-02 12:00:00,completed
T000162,M021,P0663,398.69,2025-01-02 12:15:00,completed
T000163,M001,P0772,186.38,2025-01-02 12:30:00,failed
T000164,M006,P1004,325.88,2025-01-02 12:45:00,completed
T000165,M020,P1188,240.52,2025-01-02 13:00:00,completed
T000166,M002,P0131,830.92,2025-01-02 13:15:00,failed
T000167,M021,P0856,302.57,2025-01-02 13:30:00,failed
T000168,M007,P0271,224.32,2025-01-02 13:45:00,completed
T000169,M023,P0237,340.72,2025-01-02 14:00:00,failed
T000170,M008,P0952,449.86,2025-01-02 14:15:00,pending
T000171,M011,P0083,471.79,2025-01-02 14:30:00,pending
T000172,M016,P1018,411.28,2025-01-02 14:45:00,completed
T000173,M004,P0925,192.31,2025-01-02 15:00:00,pending
T000174,M014,P1194,184.81,2025-01-02 15:15:00,pending
T000175,M013,P0802,136.09,2025-01-02 15:30:00,pending
T000176,M019,P1048,473.95,2025-01-02 15:45:00,failed
T000177,M024,P0143,525.8,2025-01-02 16:00:00,failed
T000178,M016,P1068,489.83,2025-01-02 16:15:00,pending
T000179,M010,P0193,32.97,2025-01-02 16:30:00,failed
T000180,M010,P0378,381.88,2025-01-02 16:45:00,failed
T000181,M011,P0154,462.88,2025-01-02 17:00:00,pending
T000182,M020,P0482,172.33,2025-01-02 17:15:00,completed
T000183,M008,P0899,80.35,2025-01-02 17:30:00,pending
T000184,M005,P0322,451.69,2025-01-02 17:45:00,completed
T000185,M009,P0987,474.22,2025-01-02 18:00:00,completed
T000186,M001,P0728,173.4,2025-01-02 18:15:00,completed
T000187,M003,P0755,219.82,2025-01-02 18:30:00,completed
T000188,M003,P1127,104.83,2025-01-02 18:45:00,failed
T000189,M019,P0519,94.03,2025-01-02 19:00:00,failed
T000190,M018,P0414,365.53,2025-01-02 19:15:00,completed
T000191,M017,P1194,137.49,2025-01-02 19:30:00,completed
T000192,M012,P0669,540.54,2025-01-02 19:45:00,completed
T000193,M018,P0738,115.68,2025-01-02 20:00:00,completed
T000194,M004,P0356,534.46,2025-01-02 20:15:00,failed
T000195,M022,P0259,274.71,2025-01-02 20:30:00,failed
T000196,M013,P0204,559.43,2025-01-02 20:45:00,pending
T000197,M023,P0269,294.88,2025-01-02 21:00:00,completed
T000198,M004,P0235,427.21,2025-01-02 21:15:00,completed
T000199,M012,P0897,288.29,2025-01-02 21:30:00,failed
T000200,M017,P0070,407.68,2025-01-02 21:45:00,completed
T000201,M012,P0756,533.76,2025-01-02 22:00:00,completed
T000202,M011,P1140,357.42,2025-01-02 22:15:00,completed
T000203,M004,P0919,338.93,2025-01-02 22:30:00,completed
T000204,M010,P0484,165.47,2025-01-02 22:45:00,failed
T000205,M006,P0072,533.06,2025-01-02 23:00:00,failed
T000206,M008,P1001,112.95,2025-01-02 23:15:00,failed
T000207,M017,P0004,567.49,2025-01-02 23:30:00,failed
T000208,M016,P0818,530.33,2025-01-02 23:45:00,failed
T000209,M015,P0806,606.86,2025-01-03 00:00:00,failed
T000210,M009,P0231,50.93,2025-01-03 00:15:00,pending
T000211,M024,P0888,18.06,2025-01-03 00:30:00,completed
T000212,M003,P0211,243.44,2025-01-03 00:45:00,completed
T000213,M009,P0271,185.38,2025-01-03 01:00:00,failed
T000214,M003,P0975,460.81,2025-01-03 01:15:00,completed
T000215,M009,P1175,88.5,2025-01-03 01:30:00,completed
T000216,M024,P0318,621.78,2025-01-03 01:45:00,completed
T000217,M009,P1106,156.45,2025-01-03 02:00:00,completed
T000218,M022,P1096,262.75,2025-01-03 02:15:00,pending
T000219,M012,P0924,448.24,2025-01-03 02:30:00,pending
T000220,M017,P0169,483.43,2025-01-03 02:45:00,failed
T000221,M011,P0360,513.65,2025-01-03 03:00:00,completed
T000222,M007,P0814,550.46,2025-01-03 03:15:00,pending
T000223,M019,P1200,196.52,2025-01-03 03:30:00,pending
T000224,M024,P0978,396.48,2025-01-03 03:45:00,completed
T000225,M007,P0505,437.32,2025-01-03 04:00:00,pending
T000226,M019,P0283,198.11,2025-01-03 04:15:00,pending
T000227,M007,P1153,107.02,2025-01-03 04:30:00,completed
T000228,M018,P0332,383.45,2025-01-03 04:45:00,pending
T000229,M019,P0411,556.89,2025-01-03 05:00:00,pending
T000230,M011,P1158,97.07,2025-01-03 05:15:00,failed
T000231,M018,P0674,523.9,2025-01-03 05:30:00,failed
T000232,M007,P0318,411.56,2025-01-03 05:45:00,completed
T000233,M002,P0007,233.46,2025-01-03 06:00:00,failed
T000234,M003,P0516,192.22,2025-01-03 06:15:00,failed
T000235,M011,P1184,289.26,2025-01-03 06:30:00,failed
T000236,M022,P0520,153.41,2025-01-03 06:45:00,pending
T000237,M004,P0840,409.49,2025-01-03 07:00:00,completed
T000238,M011,P0304,261.72,2025-01-03 07:15:00,failed
T000239,M017,P0931,421.13,2025-01-03 07:30:00,completed
T000240,M005,P0931,342.99,2025-01-03 07:45:00,completed
T000241,M018,P0730,293.65,2025-01-03 08:00:00,pending
T000242,M008,P0927,544.66,2025-01-03 08:15:00,pending
T000243,M020,P0695,291.28,2025-01-03 08:30:00,completed
T000244,M014,P0454,282.11,2025-01-03 08:45:00,failed
T000245,M014,P0886,4.97,2025-01-03 09:00:00,pending
T000246,M005,P1003,523.0,2025-01-03 09:15:00,completed
T000247,M012,P1010,1.0,2025-01-03 09:30:00,completed
T000248,M021,P0256,278.05,2025-01-03 09:45:00,failed
T000249,M001,P0812,663.85,2025-01-03 10:00:00,failed
T000250,M019,P0006,249.71,2025-01-03 10:15:00,pending
T000251,M012,P0687,584.81,2025-01-03 10:30:00,completed
T000252,M018,P0686,531.64,2025-01-03 10:45:00,failed
T000253,M016,P0437,105.4,2025-01-03 11:00:00,completed
T000254,M011,P1193,276.9,2025-01-03 11:15:00,completed
T000255,M008,P1060,164.87,2025-01-03 11:30:00,completed
T000256,M016,P0047,399.92,2025-01-03 11:45:00,failed
T000257,M004,P0251,260.95,2025-01-03 12:00:00,completed
T000258,M015,P0250,245.06,2025-01-03 12:15:00,pending
T000259,M003,P1078,461.67,2025-01-03 12:30:00,completed
T000260,M016,P0623,339.03,2025-01-03 12:45:00,completed
T000261,M016,P0875,270.55,2025-01-03 13:00:00,failed
T000262,M003,P0972,449.05,2025-01-03 13:15:00,completed
T000263,M019,P0922,721.12,2025-01-03 13:30:00,completed
T000264,M010,P0107,525.68,2025-01-03 13:45:00,pending
T000265,M019,P0169,905.93,2025-01-03 14:00:00,failed
T000266,M001,P0475,437.24,2025-01-03 14:15:00,pending
T000267,M005,P0407,476.72,2025-01-03 14:30:00,failed
T000268,M012,P0897,270.1,2025-01-03 14:45:00,pending
T000269,M005,P0188,258.89,2025-01-03 15:00:00,failed
T000270,M008,P0446,318.65,2025-01-03 15:15:00,failed
T000271,M016,P0284,374.88,2025-01-03 15:30:00,failed
T000272,M004,P0227,505.37,2025-01-03 15:45:00,pending
T000273,M017,P0208,320.89,2025-01-03 16:00:00,completed
T000274,M003,P0235,554.35,2025-01-03 16:15:00,pending
T000275,M005,P0678,489.3,2025-01-03 16:30:00,pending
T000276,M015,P0493,293.63,2025-01-03 16:45:00,completed
T000277,M020,P0523,379.79,2025-01-03 17:00:00,pending
T000278,M005,P0576,513.82,2025-01-03 17:15:00,completed
T000279,M008,P0890,401.1,2025-01-03 17:30:00,failed
T000280,M023,P1035,361.54,2025-01-03 17:45:00,pending
T000281,M024,P0632,228.71,2025-01-03 18:00:00,failed
T000282,M014,P0771,353.42,2025-01-03 18:15:00,failed
T000283,M011,P0887,343.76,2025-01-03 18:30:00,pending
T000284,M009,P0829,278.45,2025-01-03 18:45:00,completed
T000285,M015,P0162,360.12,2025-01-03 19:00:00,failed
T000286,M015,P1180,305.57,2025-01-03 19:15:00,failed
T000287,M008,P0198,437.84,2025-01-03 19:30:00,failed
T000288,M001,P0495,56.95,2025-01-03 19:45:00,completed
T000289,M004,P0784,287.33,2025-01-03 20:00:00,pending
T000290,M024,P0485,653.76,2025-01-03 20:15:00,completed
T000291,M011,P0292,490.78,2025-01-03 20:30:00,failed
T000292,M012,P1109,308.17,2025-01-03 20:45:00,failed
T000293,M012,P0086,396.19,2025-01-03 21:00:00,failed
T000294,M019,P0296,447.07,2025-01-03 21:15:00,completed
T000295,M002,P1192,184.93,2025-01-03 21:30:00,pending
T000296,M002,P0876,425.66,2025-01-03 21:45:00,pending
T000297,M007,P0105,498.62,2025-01-03 22:00:00,pending
T000298,M012,P0906,287.87,2025-01-03 22:15:00,failed
T000299,M017,P1164,1.0,2025-01-03 22:30:00,failed
T000300,M012,P0118,576.77,2025-01-03 22:45:00,completed
T000301,M011,P0497,255.61,2025-01-03 23:00:00,pending
T000302,M023,P0562,379.81,2025-01-03 23:15:00,completed
T000303,M004,P0158,339.93,2025-01-03 23:30:00,failed
T000304,M014,P0241,388.79,2025-01-03 23:45:00,failed
T000305,M014,P0209,182.9,2025-01-04 00:00:00,completed
T000306,M012,P0223,119.27,2025-01-04 00:15:00,completed
T000307,M020,P0485,355.4,2025-01-04 00:30:00,completed
T000308,M007,P0557,404.56,2025-01-04 00:45:00,failed
T000309,M023,P0286,372.45,2025-01-04 01:00:00,completed
T000310,M008,P0348,73.47,2025-01-04 01:15:00,completed
T000311,M014,P0231,84.1,2025-01-04 01:30:00,pending
T000312,M013,P0956,348.51,2025-01-04 01:45:00,failed
T000313,M021,P0255,240.52,2025-01-04 02:00:00,completed
T000314,M011,P1090,299.74,2025-01-04 02:15:00,pending
T000315,M007,P0647,176.3,2025-01-04 02:30:00,completed
T000316,M001,P0964,390.65,2025-01-04 02:45:00,pending
T000317,M009,P0764,408.48,2025-01-04 03:00:00,completed
T000318,M020,P0320,229.6,2025-01-04 03:15:00,failed
T000319,M001,P0722,336.77,2025-01-04 03:30:00,failed
T000320,M022,P0329,345.78,2025-01-04 03:45:00,completed
T000321,M014,P0143,259.89,2025-01-04 04:00:00,completed
T000322,M004,P0306,258.05,2025-01-04 04:15:00,failed
T000323,M008,P0331,156.73,2025-01-04 04:30:00,pending
T000324,M014,P0163,206.78,2025-01-04 04:45:00,pending
T000325,M008,P0029,161.52,2025-01-04 05:00:00,pending
T000326,M003,P1133,458.2,2025-01-04 05:15:00,failed
T000327,M016,P0617,187.3,2025-01-04 05:30:00,pending
T000328,M017,P0483,15.52,2025-01-04 05:45:00,failed
T000329,M003,P1116,261.02,2025-01-04 06:00:00,completed
T000330,M007,P0270,498.49,2025-01-04 06:15:00,pending
T000331,M006,P0484,221.65,2025-01-04 06:30:00,failed
T000332,M016,P1017,77.18,2025-01-04 06:45:00,pending
T000333,M018,P0759,125.43,2025-01-04 07:00:00,failed
T000334,M018,P0480,650.8,2025-01-04 07:15:00,pending
T000335,M023,P0307,438.82,2025-01-04 07:30:00,failed
T000336,M019,P0043,71.78,2025-01-04 07:45:00,failed
T000337,M008,P0103,342.74,2025-01-04 08:00:00,pending
T000338,M003,P0195,1.0,2025-01-04 08:15:00,pending
T000339,M015,P0944,373.29,2025-01-04 08:30:00,failed
T000340,M022,P0768,150.95,2025-01-04 08:45:00,pending
T000341,M024,P0521,361.8,2025-01-04 09:00:00,failed
T000342,M006,P0940,519.99,2025-01-04 09:15:00,failed
T000343,M006,P0193,374.59,2025-01-04 09:30:00,pending
T000344,M001,P0254,351.44,2025-01-04 09:45:00,failed
T000345,M004,P0472,329.24,2025-01-04 10:00:00,pending
T000346,M014,P1101,173.88,2025-01-04 10:15:00,pending
T000347,M014,P0738,856.6,2025-01-04 10:30:00,failed
T000348,M009,P1022,418.55,2025-01-04 10:45:00,pending
T000349,M008,P0298,444.52,2025-01-04 11:00:00,failed
T000350,M020,P1019,492.65,2025-01-04 11:15:00,pending
T000351,M012,P0087,61.09,2025-01-04 11:30:00,completed
T000352,M020,P0274,288.64,2025-01-04 11:45:00,pending
T000353,M024,P0628,369.29,2025-01-04 12:00:00,pending
T000354,M008,P0061,444.72,2025-01-04 12:15:00,failed
T000355,M005,P1030,232.75,2025-01-04 12:30:00,pending
T000356,M023,P1041,298.86,2025-01-04 12:45:00,pending
T000357,M016,P0650,696.5,2025-01-04 13:00:00,pending
T000358,M007,P0367,358.37,2025-01-04 13:15:00,completed
T000359,M015,P0119,361.52,2025-01-04 13:30:00,pending
T000360,M013,P0743,549.08,2025-01-04 13:45:00,failed
T000361,M022,P0646,290.79,2025-01-04 14:00:00,failed
T000362,M007,P0912,526.15,2025-01-04 14:15:00,pending
T000363,M024,P0724,253.11,2025-01-04 14:30:00,pending
T000364,M023,P0154,65.36,2025-01-04 14:45:00,completed
T000365,M005,P0147,476.75,2025-01-04 15:00:00,failed
T000366,M004,P0938,479.82,2025-01-04 15:15:00,pending
T000367,M013,P0191,613.12,2025-01-04 15:30:00,pending
T000368,M002,P1127,392.54,2025-01-04 15:45:00,failed
T000369,M008,P0128,180.23,2025-01-04 16:00:00,failed
T000370,M011,P0875,489.0,2025-01-04 16:15:00,pending
T000371,M024,P1171,368.33,2025-01-04 16:30:00,failed
T000372,M024,P0530,113.29,2025-01-04 16:45:00,completed
T000373,M004,P0069,101.39,2025-01-04 17:00:00,failed
T000374,M022,P1053,721.5,2025-01-04 17:15:00,failed
T000375,M003,P0225,595.24,2025-01-04 17:30:00,completed
T000376,M018,P0633,605.79,2025-01-04 17:45:00,pending
T000377,M021,P1182,518.55,2025-01-04 18:00:00,completed
T000378,M022,P0894,295.42,2025-01-04 18:15:00,failed
T000379,M006,P0056,547.19,2025-01-04 18:30:00,completed
T000380,M022,P0985,114.36,2025-01-04 18:45:00,pending
T000381,M003,P0194,459.93,2025-01-04 19:00:00,failed
T000382,M013,P0900,309.89,2025-01-04 19:15:00,failed
T000383,M012,P0746,554.83,2025-01-04 19:30:00,failed
T000384,M008,P0346,260.19,2025-01-04 19:45:00,failed
T000385,M001,P0509,510.08,2025-01-04 20:00:00,completed
T000386,M019,P0142,585.81,2025-01-04 20:15:00,pending
T000387,M009,P1185,507.38,2025-01-04 20:30:00,completed
T000388,M016,P0287,481.92,2025-01-04 20:45:00,failed
T000389,M010,P0371,397.8,2025-01-04 21:00:00,completed
T000390,M009,P0604,307.29,2025-01-04 21:15:00,pending
T000391,M022,P0807,131.77,2025-01-04 21:30:00,pending
T000392,M003,P0607,299.24,2025-01-04 21:45:00,failed
T000393,M018,P0607,393.46,2025-01-04 22:00:00,completed
T000394,M018,P0700,342.48,2025-01-04 22:15:00,pending
T000395,M010,P1030,530.63,2025-01-04 22:30:00,completed
T000396,M007,P0475,308.34,2025-01-04 22:45:00,completed
T000397,M001,P0999,457.04,2025-01-04 23:00:00,failed
T000398,M023,P0945,587.98,2025-01-04 23:15:00,failed
T000399,M023,P1154,464.45,2025-01-04 23:30:00,pending
T000400,M006,P1096,379.07,2025-01-04 23:45:00,pending
T000401,M001,P0958,646.66,2025-01-05 00:00:00,pending
T000402,M003,P0297,430.59,2025-01-05 00:15:00,pending
T000403,M002,P0930,448.26,2025-01-05 00:30:00,completed
T000404,M020,P0884,441.93,2025-01-05 00:45:00,completed
T000405,M022,P0348,99.11,2025-01-05 01:00:00,completed
T000406,M004,P0814,543.63,2025-01-05 01:15:00,completed
T000407,M018,P0304,414.22,2025-01-05 01:30:00,completed
T000408,M005,P0628,430.36,2025-01-05 01:45:00,failed
T000409,M009,P0957,339.18,2025-01-05 02:00:00,completed
T000410,M015,P0227,468.23,2025-01-05 02:15:00,failed
T000411,M018,P0405,219.07,2025-01-05 02:30:00,pending
T000412,M021,P0955,293.79,2025-01-05 02:45:00,completed
T000413,M002,P0545,64.59,2025-01-05 03:00:00,failed
T000414,M005,P1153,632.28,2025-01-05 03:15:00,completed
T000415,M007,P0010,419.25,2025-01-05 03:30:00,failed
T000416,M008,P0867,72.74,2025-01-05 03:45:00,completed
T000417,M024,P0978,329.81,2025-01-05 04:00:00,pending
T000418,M019,P1102,316.38,2025-01-05 04:15:00,failed
T000419,M008,P0189,585.26,2025-01-05 04:30:00,failed
T000420,M024,P1182,434.83,2025-01-05 04:45:00,completed
T000421,M012,P0471,109.57,2025-01-05 05:00:00,failed
T000422,M013,P0423,289.71,2025-01-05 05:15:00,failed
T000423,M011,P0427,505.36,2025-01-05 05:30:00,completed
T000424,M004,P0766,381.87,2025-01-05 05:45:00,pending
T000425,M023,P0792,413.36,2025-01-05 06:00:00,pending
T000426,M001,P0569,422.82,2025-01-05 06:15:00,pending
T000427,M005,P0086,302.05,2025-01-05 06:30:00,completed
T000428,M006,P1184,638.99,2025-01-05 06:45:00,completed
T000429,M007,P0267,538.81,2025-01-05 07:00:00,failed
T000430,M004,P0113,452.32,2025-01-05 07:15:00,failed
T000431,M001,P0717,216.32,2025-01-05 07:30:00,completed
T000432,M017,P0495,536.09,2025-01-05 07:45:00,completed
T000433,M024,P0739,43.26,2025-01-05 08:00:00,completed
T000434,M003,P1051,304.51,2025-01-05 08:15:00,pending
T000435,M008,P0117,311.92,2025-01-05 08:30:00,pending
T000436,M013,P0341,454.62,2025-01-05 08:45:00,completed
T000437,M023,P0620,201.26,2025-01-05 09:00:00,failed
T000438,M017,P0946,370.41,2025-01-05 09:15:00,completed
T000439,M019,P0721,123.91,2025-01-05 09:30:00,completed
T000440,M014,P0460,598.63,2025-01-05 09:45:00,failed
T000441,M011,P0733,651.79,2025-01-05 10:00:00,pending
T000442,M005,P1176,135.74,2025-01-05 10:15:00,completed
T000443,M021,P0577,438.31,2025-01-05 10:30:00,failed
T000444,M020,P1061,480.63,2025-01-05 10:45:00,completed
T000445,M001,P0936,491.29,2025-01-05 11:00:00,failed
T000446,M018,P0362,336.97,2025-01-05 11:15:00,completed
T000447,M003,P0300,240.49,2025-01-05 11:30:00,completed
T000448,M018,P0925,411.14,2025-01-05 11:45:00,completed
T000449,M020,P0249,383.49,2025-01-05 12:00:00,completed
T000450,M004,P0405,109.24,2025-01-05 12:15:00,pending
T000451,M011,P0283,466.1,2025-01-05 12:30:00,failed
T000452,M003,P0728,364.12,2025-01-05 12:45:00,completed
T000453,M014,P0353,338.9,2025-01-05 13:00:00,completed
T000454,M023,P0791,715.82,2025-01-05 13:15:00,failed
T000455,M002,P1122,165.74,2025-01-05 13:30:00,pending
T000456,M010,P0996,206.06,2025-01-05 13:45:00,completed
T000457,M024,P1138,251.54,2025-01-05 14:00:00,pending
T000458,M008,P0030,592.52,2025-01-05 14:15:00,pending
T000459,M004,P0547,674.18,2025-01-05 14:30:00,completed
T000460,M012,P0265,282.21,2025-01-05 14:45:00,completed
T000461,M013,P1102,798.69,2025-01-05 15:00:00,completed
T000462,M016,P0855,247.2,2025-01-05 15:15:00,completed
T000463,M008,P0385,30.51,2025-01-05 15:30:00,completed
T000464,M023,P0677,524.28,2025-01-05 15:45:00,completed
T000465,M013,P0727,785.2,2025-01-05 16:00:00,failed
T000466,M007,P0595,612.47,2025-01-05 16:15:00,pending
T000467,M024,P0570,362.62,2025-01-05 16:30:00,pending
T000468,M023,P0067,53.4,2025-01-05 16:45:00,completed
T000469,M012,P0543,614.25,2025-01-05 17:00:00,pending
T000470,M001,P0418,343.0,2025-01-05 17:15:00,failed
T000471,M015,P0982,466.12,2025-01-05 17:30:00,completed
T000472,M014,P1039,245.7,2025-01-05 17:45:00,completed
T000473,M004,P0901,266.58,2025-01-05 18:00:00,completed
T000474,M016,P0038,373.9,2025-01-05 18:15:00,failed
T000475,M021,P1010,16.51,2025-01-05 18:30:00,failed
T000476,M003,P0476,564.49,2025-01-05 18:45:00,failed
T000477,M018,P0500,223.76,2025-01-05 19:00:00,completed
T000478,M004,P1135,302.2,2025-01-05 19:15:00,completed
T000479,M018,P1041,409.09,2025-01-05 19:30:00,pending
T000480,M011,P0062,190.98,2025-01-05 19:45:00,failed
T000481,M001,P0432,539.37,2025-01-05 20:00:00,completed
T000482,M024,P0900,713.98,2025-01-05 20:15:00,pending
T000483,M004,P0647,358.34,2025-01-05 20:30:00,pending
T000484,M015,P0310,570.85,2025-01-05 20:45:00,pending
T000485,M005,P0630,463.54,2025-01-05 21:00:00,failed
T000486,M023,P1040,564.31,2025-01-05 21:15:00,pending
T000487,M018,P0268,232.5,2025-01-05 21:30:00,completed
T000488,M020,P0896,319.14,2025-01-05 21:45:00,failed
T000489,M011,P0882,117.67,2025-01-05 22:00:00,completed
T000490,M012,P1063,590.55,2025-01-05 22:15:00,failed
T000491,M016,P0358,392.72,2025-01-05 22:30:00,pending
T000492,M019,P0260,69.95,2025-01-05 22:45:00,pending
T000493,M021,P0658,649.66,2025-01-05 23:00:00,completed
T000494,M001,P0638,233.47,2025-01-05 23:15:00,pending
T000495,M016,P0492,300.68,2025-01-05 23:30:00,failed
T000496,M003,P0936,606.16,2025-01-05 23:45:00,failed
T000497,M007,P0959,279.25,2025-01-06 00:00:00,pending
T000498,M020,P0295,359.3,2025-01-06 00:15:00,pending
T000499,M007,P0955,607.32,2025-01-06 00:30:00,pending
T000500,M020,P0277,503.58,2025-01-06 00:45:00,pending
T000501,M012,P0490,479.44,2025-01-06 01:00:00,failed
T000502,M006,P0033,412.63,2025-01-06 01:15:00,completed
T000503,M009,P0409,308.09,2025-01-06 01:30:00,completed
T000504,M013,P1151,186.75,2025-01-06 01:45:00,completed
T000505,M019,P0532,350.78,2025-01-06 02:00:00,pending
T000506,M015,P0853,422.44,2025-01-06 02:15:00,pending
T000507,M023,P0130,272.69,2025-01-06 02:30:00,pending
T000508,M021,P0763,319.61,2025-01-06 02:45:00,completed
T000509,M019,P0446,65.25,2025-01-06 03:00:00,completed
T000510,M015,P0893,151.9,2025-01-06 03:15:00,pending
T000511,M007,P1114,37.81,2025-01-06 03:30:00,failed
T000512,M010,P0638,437.82,2025-01-06 03:45:00,completed
T000513,M003,P0124,444.81,2025-01-06 04:00:00,completed
T000514,M009,P0572,2.13,2025-01-06 04:15:00,completed
T000515,M023,P0148,105.02,2025-01-06 04:30:00,failed
T000516,M011,P0540,161.5,2025-01-06 04:45:00,completed
T000517,M003,P0074,459.95,2025-01-06 05:00:00,failed
T000518,M016,P0769,364.34,2025-01-06 05:15:00,pending
T000519,M024,P0373,236.01,2025-01-06 05:30:00,completed
T000520,M021,P0242,374.62,2025-01-06 05:45:00,failed
T000521,M007,P0021,269.31,2025-01-06 06:00:00,failed
T000522,M011,P1066,398.2,2025-01-06 06:15:00,pending
T000523,M013,P1005,131.71,2025-01-06 06:30:00,failed
T000524,M006,P0975,822.77,2025-01-06 06:45:00,pending
T000525,M007,P0070,593.03,2025-01-06 07:00:00,failed
T000526,M006,P0420,334.59,2025-01-06 07:15:00,completed
T000527,M024,P1166,1.02,2025-01-06 07:30:00,failed
T000528,M018,P0695,580.9,2025-01-06 07:45:00,completed
T000529,M021,P0155,207.84,2025-01-06 08:00:00,failed
T000530,M020,P0170,320.18,2025-01-06 08:15:00,completed
T000531,M024,P0316,158.83,2025-01-06 08:30:00,completed
T000532,M003,P1167,340.91,2025-01-06 08:45:00,pending
T000533,M022,P0204,189.52,2025-01-06 09:00:00,failed
T000534,M002,P1084,209.39,2025-01-06 09:15:00,pending
T000535,M012,P0814,444.02,2025-01-06 09:30:00,completed
T000536,M015,P1107,317.86,2025-01-06 09:45:00,completed
T000537,M009,P0992,457.45,2025-01-06 10:00:00,completed
T000538,M004,P0399,299.91,2025-01-06 10:15:00,failed
T000539,M005,P0994,434.68,2025-01-06 10:30:00,failed
T000540,M020,P0203,323.53,2025-01-06 10:45:00,failed
T000541,M008,P0350,364.51,2025-01-06 11:00:00,completed
T000542,M008,P0255,195.08,2025-01-06 11:15:00,completed
T000543,M023,P0160,488.45,2025-01-06 11:30:00,completed
T000544,M004,P0109,431.95,2025-01-06 11:45:00,completed
T000545,M022,P0225,400.55,2025-01-06 12:00:00,pending
T000546,M023,P0145,475.35,2025-01-06 12:15:00,failed
T000547,M015,P0457,518.32,2025-01-06 12:30:00,pending
T000548,M004,P0086,331.86,2025-01-06 12:45:00,failed
T000549,M004,P0074,599.66,2025-01-06 13:00:00,completed
T000550,M007,P1188,463.83,2025-01-06 13:15:00,completed
T000551,M014,P0106,400.78,2025-01-06 13:30:00,pending
T000552,M004,P0089,217.56,2025-01-06 13:45:00,failed
T000553,M011,P0037,476.24,2025-01-06 14:00:00,pending
T000554,M003,P0160,282.54,2025-01-06 14:15:00,pending
T000555,M013,P0634,362.78,2025-01-06 14:30:00,completed
T000556,M001,P0993,262.16,2025-01-06 14:45:00,failed
T000557,M018,P0882,628.0,2025-01-06 15:00:00,failed
T000558,M002,P0697,264.67,2025-01-06 15:15:00,failed
T000559,M005,P0103,64.25,2025-01-06 15:30:00,pending
T000560,M005,P0930,42.49,2025-01-06 15:45:00,pending
T000561,M020,P0045,463.72,2025-01-06 16:00:00,failed
T000562,M002,P0758,284.0,2025-01-06 16:15:00,failed
T000563,M011,P0492,49.98,2025-01-06 16:30:00,completed
T000564,M015,P1059,219.15,2025-01-06 16:45:00,completed
T000565,M013,P0370,583.88,2025-01-06 17:00:00,pending
T000566,M017,P0767,236.27,2025-01-06 17:15:00,completed
T000567,M020,P0528,317.97,2025-01-06 17:30:00,failed
T000568,M010,P0627,309.06,2025-01-06 17:45:00,pending
T000569,M020,P1127,260.59,2025-01-06 18:00:00,completed
T000570,M008,P0856,323.93,2025-01-06 18:15:00,failed
T000571,M024,P0498,121.07,2025-01-06 18:30:00,failed
T000572,M013,P0537,28.39,2025-01-06 18:45:00,pending
T000573,M018,P0846,270.06,2025-01-06 19:00:00,failed
T000574,M022,P0416,404.55,2025-01-06 19:15:00,failed
T000575,M020,P0202,456.26,2025-01-06 19:30:00,pending
T000576,M021,P0562,560.55,2025-01-06 19:45:00,failed
T000577,M013,P0082,516.45,2025-01-06 20:00:00,failed
T000578,M002,P0204,516.96,2025-01-06 20:15:00,pending
T000579,M012,P0505,485.08,2025-01-06 20:30:00,failed
T000580,M005,P0956,108.1,2025-01-06 20:45:00,completed
T000581,M022,P0938,425.67,2025-01-06 21:00:00,pending
T000582,M006,P0313,546.28,2025-01-06 21:15:00,pending
T000583,M006,P0507,181.46,2025-01-06 21:30:00,failed
T000584,M006,P0185,432.78,2025-01-06 21:45:00,completed
T000585,M016,P0907,337.19,2025-01-06 22:00:00,completed
T000586,M014,P0296,417.52,2025-01-06 22:15:00,failed
T000587,M023,P0960,16.56,2025-01-06 22:30:00,pending
T000588,M010,P1011,593.3,2025-01-06 22:45:00,completed
T000589,M007,P0827,678.48,2025-01-06 23:00:00,failed
T000590,M002,P0397,290.71,2025-01-06 23:15:00,pending
T000591,M001,P1144,357.67,2025-01-06 23:30:00,completed
T000592,M009,P0824,261.28,2025-01-06 23:45:00,pending
T000593,M023,P0776,264.16,2025-01-07 00:00:00,failed
T000594,M013,P1028,282.54,2025-01-07 00:15:00,pending
T000595,M022,P1058,480.0,2025-01-07 00:30:00,pending
T000596,M003,P0094,319.18,2025-01-07 00:45:00,failed
T000597,M003,P1058,51.27,2025-01-07 01:00:00,completed
T000598,M021,P0919,501.06,2025-01-07 01:15:00,pending
T000599,M003,P0248,341.02,2025-01-07 01:30:00,failed
T000600,M002,P0370,215.23,2025-01-07 01:45:00,completed
T000601,M010,P0904,310.28,2025-01-07 02:00:00,pending
T000602,M023,P0260,526.92,2025-01-07 02:15:00,failed
T000603,M017,P0543,1.0,2025-01-07 02:30:00,pending
T000604,M003,P0827,378.64,2025-01-07 02:45:00,completed
T000605,M021,P0781,332.2,2025-01-07 03:00:00,failed
T000606,M021,P1092,398.16,2025-01-07 03:15:00,completed
T000607,M020,P0134,295.12,2025-01-07 03:30:00,pending
T000608,M022,P0355,305.81,2025-01-07 03:45:00,pending
T000609,M006,P1182,556.77,2025-01-07 04:00:00,completed
T000610,M024,P0683,338.69,2025-01-07 04:15:00,pending
T000611,M008,P0299,383.0,2025-01-07 04:30:00,pending
T000612,M020,P0348,295.94,2025-01-07 04:45:00,pending
T000613,M014,P0408,522.59,2025-01-07 05:00:00,pending
T000614,M019,P0666,338.52,2025-01-07 05:15:00,pending
T000615,M016,P0342,312.07,2025-01-07 05:30:00,completed
T000616,M016,P0747,303.95,2025-01-07 05:45:00,completed
T000617,M015,P0535,503.76,2025-01-07 06:00:00,failed
T000618,M019,P0733,392.35,2025-01-07 06:15:00,failed
T000619,M018,P0187,147.46,2025-01-07 06:30:00,pending
T000620,M004,P0749,735.82,2025-01-07 06:45:00,pending
T000621,M020,P1110,317.99,2025-01-07 07:00:00,completed
T000622,M013,P0163,607.6,2025-01-07 07:15:00,completed
T000623,M008,P0393,400.73,2025-01-07 07:30:00,pending
T000624,M013,P0833,325.15,2025-01-07 07:45:00,pending
T000625,M024,P0741,292.64,2025-01-07 08:00:00,failed
T000626,M021,P0810,101.11,2025-01-07 08:15:00,failed
T000627,M021,P0672,334.17,2025-01-07 08:30:00,pending
T000628,M012,P0820,683.08,2025-01-07 08:45:00,completed
T000629,M019,P0732,365.48,2025-01-07 09:00:00,failed
T000630,M010,P0089,333.08,2025-01-07 09:15:00,failed
T000631,M017,P0902,843.11,2025-01-07 09:30:00,pending
T000632,M016,P0537,204.04,2025-01-07 09:45:00,completed
T000633,M006,P0062,456.4,2025-01-07 10:00:00,pending
T000634,M007,P0491,106.31,2025-01-07 10:15:00,completed
T000635,M002,P0523,287.29,2025-01-07 10:30:00,completed
T000636,M004,P0105,13.01,2025-01-07 10:45:00,pending
T000637,M011,P1196,143.15,2025-01-07 11:00:00,pending
T000638,M012,P0267,276.53,2025-01-07 11:15:00,pending
T000639,M004,P0397,421.07,2025-01-07 11:30:00,failed
T000640,M011,P0530,478.54,2025-01-07 11:45:00,pending
T000641,M015,P1000,136.92,2025-01-07 12:00:00,completed
T000642,M006,P0892,41.16,2025-01-07 12:15:00,completed
T000643,M009,P0926,153.34,2025-01-07 12:30:00,completed
T000644,M009,P0285,649.56,2025-01-07 12:45:00,pending
T000645,M013,P1015,406.71,2025-01-07 13:00:00,failed
T000646,M009,P0996,353.16,2025-01-07 13:15:00,completed
T000647,M018,P0557,165.25,2025-01-07 13:30:00,pending
T000648,M008,P0655,131.86,2025-01-07 13:45:00,completed
T000649,M011,P0045,119.83,2025-01-07 14:00:00,failed
T000650,M010,P0913,277.32,2025-01-07 14:15:00,failed
T000651,M005,P1154,147.83,2025-01-07 14:30:00,completed
T000652,M017,P0568,115.67,2025-01-07 14:45:00,completed
T000653,M006,P0649,403.35,2025-01-07 15:00:00,pending
T000654,M008,P0600,603.19,2025-01-07 15:15:00,failed
T000655,M020,P0100,408.27,2025-01-07 15:30:00,failed
T000656,M023,P0744,213.98,2025-01-07 15:45:00,completed
T000657,M017,P0866,360.11,2025-01-07 16:00:00,pending
T000658,M022,P1114,275.55,2025-01-07 16:15:00,failed
T000659,M021,P1116,302.82,2025-01-07 16:30:00,failed
T000660,M012,P0591,131.21,2025-01-07 16:45:00,failed
T000661,M019,P1151,95.57,2025-01-07 17:00:00,completed
T000662,M008,P0635,159.86,2025-01-07 17:15:00,failed
T000663,M012,P0771,462.95,2025-01-07 17:30:00,completed
T000664,M013,P0723,103.74,2025-01-07 17:45:00,failed
T000665,M024,P1199,672.36,2025-01-07 18:00:00,pending
T000666,M021,P0886,407.79,2025-01-07 18:15:00,pending
T000667,M012,P0145,465.62,2025-01-07 18:30:00,pending
T000668,M016,P0087,75.98,2025-01-07 18:45:00,completed
T000669,M005,P0492,308.41,2025-01-07 19:00:00,pending
T000670,M020,P0619,790.34,2025-01-07 19:15:00,completed
T000671,M014,P0803,62.92,2025-01-07 19:30:00,completed
T000672,M013,P0578,162.69,2025-01-07 19:45:00,completed
T000673,M019,P0618,80.6,2025-01-07 20:00:00,pending
T000674,M016,P1107,786.04,2025-01-07 20:15:00,pending
T000675,M002,P0402,264.37,2025-01-07 20:30:00,failed
T000676,M007,P0593,1.0,2025-01-07 20:45:00,completed
T000677,M005,P0669,306.06,2025-01-07 21:00:00,failed
T000678,M018,P0562,232.77,2025-01-07 21:15:00,completed
T000679,M001,P1162,389.85,2025-01-07 21:30:00,pending
T000680,M005,P1155,408.15,2025-01-07 21:45:00,completed
T000681,M015,P0616,293.1,2025-01-07 22:00:00,failed
T000682,M017,P0541,469.85,2025-01-07 22:15:00,failed
T000683,M013,P0707,352.25,2025-01-07 22:30:00,pending
T000684,M021,P0218,492.21,2025-01-07 22:45:00,failed
T000685,M023,P0512,94.08,2025-01-07 23:00:00,pending
T000686,M004,P0261,214.0,2025-01-07 23:15:00,completed
T000687,M023,P0173,159.87,2025-01-07 23:30:00,failed
T000688,M015,P0115,413.24,2025-01-07 23:45:00,pending
T000689,M016,P0705,547.85,2025-01-08 00:00:00,failed
T000690,M003,P0001,387.56,2025-01-08 00:15:00,failed
T000691,M015,P0776,565.95,2025-01-08 00:30:00,failed
T000692,M018,P0519,362.26,2025-01-08 00:45:00,pending
T000693,M014,P0440,616.48,2025-01-08 01:00:00,pending
T000694,M003,P0924,295.22,2025-01-08 01:15:00,failed
T000695,M013,P0647,199.19,2025-01-08 01:30:00,failed
T000696,M023,P0881,572.67,2025-01-08 01:45:00,completed
T000697,M018,P0852,340.89,2025-01-08 02:00:00,completed
T000698,M004,P0039,1.0,2025-01-08 02:15:00,pending
T000699,M024,P0259,340.02,2025-01-08 02:30:00,pending
T000700,M024,P0684,219.14,2025-01-08 02:45:00,completed
T000701,M005,P1171,779.09,2025-01-08 03:00:00,failed
T000702,M020,P0186,276.61,2025-01-08 03:15:00,completed
T000703,M010,P0127,354.67,2025-01-08 03:30:00,completed
T000704,M015,P1130,213.22,2025-01-08 03:45:00,pending
T000705,M011,P1161,526.98,2025-01-08 04:00:00,completed
T000706,M019,P0201,200.8,2025-01-08 04:15:00,failed
T000707,M024,P0483,585.71,2025-01-08 04:30:00,completed
T000708,M020,P0752,443.06,2025-01-08 04:45:00,pending
T000709,M023,P0235,268.08,2025-01-08 05:00:00,completed
T000710,M023,P0392,205.25,2025-01-08 05:15:00,failed
T000711,M003,P0475,170.94,2025-01-08 05:30:00,pending
T000712,M007,P0770,238.75,2025-01-08 05:45:00,pending
T000713,M018,P0370,163.75,2025-01-08 06:00:00,completed
T000714,M015,P0495,389.49,2025-01-08 06:15:00,completed
T000715,M002,P0348,392.23,2025-01-08 06:30:00,pending
T000716,M003,P0912,229.7,2025-01-08 06:45:00,pending
T000717,M013,P0184,403.3,2025-01-08 07:00:00,pending
T000718,M015,P0277,304.31,2025-01-08 07:15:00,failed
T000719,M005,P0300,483.98,2025-01-08 07:30:00,pending
T000720,M005,P1087,408.93,2025-01-08 07:45:00,completed
T000721,M004,P1134,303.98,2025-01-08 08:00:00,failed
T000722,M014,P0601,103.8,2025-01-08 08:15:00,failed
T000723,M001,P0188,204.93,2025-01-08 08:30:00,pending
T000724,M014,P0908,147.69,2025-01-08 08:45:00,failed
T000725,M012,P0591,429.19,2025-01-08 09:00:00,completed
T000726,M012,P1020,186.55,2025-01-08 09:15:00,pending
T000727,M017,P0432,401.02,2025-01-08 09:30:00,pending
T000728,M013,P1199,295.11,2025-01-08 09:45:00,pending
T000729,M018,P0969,225.74,2025-01-08 10:00:00,completed
T000730,M019,P0269,227.82,2025-01-08 10:15:00,completed
T000731,M023,P0871,532.1,2025-01-08 10:30:00,pending
T000732,M020,P0345,233.07,2025-01-08 10:45:00,pending
T000733,M013,P0420,124.41,2025-01-08 11:00:00,completed
T000734,M012,P0301,511.14,2025-01-08 11:15:00,completed
T000735,M006,P0819,399.2,2025-01-08 11:30:00,completed
T000736,M015,P0316,607.36,2025-01-08 11:45:00,failed
T000737,M004,P0767,294.65,2025-01-08 12:00:00,failed
T000738,M023,P0699,434.55,2025-01-08 12:15:00,completed
T000739,M021,P0901,199.16,2025-01-08 12:30:00,failed
T000740,M003,P1193,415.09,2025-01-08 12:45:00,completed
T000741,M019,P0011,396.16,2025-01-08 13:00:00,pending
T000742,M003,P1189,660.11,2025-01-08 13:15:00,pending
T000743,M018,P0132,380.77,2025-01-08 13:30:00,failed
T000744,M003,P0633,621.57,2025-01-08 13:45:00,failed
T000745,M012,P0410,524.16,2025-01-08 14:00:00,pending
T000746,M016,P0767,350.93,2025-01-08 14:15:00,pending
T000747,M018,P0867,385.17,2025-01-08 14:30:00,completed
T000748,M011,P1032,105.81,2025-01-08 14:45:00,completed
T000749,M023,P0483,72.35,2025-01-08 15:00:00,pending
T000750,M019,P1120,176.35,2025-01-08 15:15:00,completed
T000751,M005,P0387,234.11,2025-01-08 15:30:00,failed
T000752,M017,P0245,319.59,2025-01-08 15:45:00,pending
T000753,M018,P0455,385.35,2025-01-08 16:00:00,failed
T000754,M009,P0635,266.9,2025-01-08 16:15:00,pending
T000755,M018,P0802,455.71,2025-01-08 16:30:00,pending
T000756,M022,P1000,219.58,2025-01-08 16:45:00,failed
T000757,M020,P0270,379.1,2025-01-08 17:00:00,failed
T000758,M019,P0364,346.83,2025-01-08 17:15:00,pending
T000759,M016,P1127,225.23,2025-01-08 17:30:00,completed
T000760,M007,P0528,366.59,2025-01-08 17:45:00,failed
T000761,M020,P0290,322.79,2025-01-08 18:00:00,completed
T000762,M009,P1183,90.18,2025-01-08 18:15:00,failed
T000763,M013,P0539,176.73,2025-01-08 18:30:00,completed
T000764,M008,P1183,320.25,2025-01-08 18:45:00,pending
T000765,M008,P1104,248.09,2025-01-08 19:00:00,pending
T000766,M004,P1088,360.98,2025-01-08 19:15:00,completed
T000767,M024,P0699,510.09,2025-01-08 19:30:00,failed
T000768,M004,P0959,421.84,2025-01-08 19:45:00,completed
T000769,M003,P1153,252.51,2025-01-08 20:00:00,pending
T000770,M023,P0323,417.63,2025-01-08 20:15:00,failed
T000771,M014,P0046,505.85,2025-01-08 20:30:00,failed
T000772,M011,P0386,455.97,2025-01-08 20:45:00,failed
T000773,M018,P0765,332.28,2025-01-08 21:00:00,failed
T000774,M010,P0657,541.43,2025-01-08 21:15:00,pending
T000775,M004,P0097,232.63,2025-01-08 21:30:00,completed
T000776,M018,P0673,382.66,2025-01-08 21:45:00,completed
T000777,M005,P0210,424.75,2025-01-08 22:00:00,failed
T000778,M014,P0607,336.54,2025-01-08 22:15:00,pending
T000779,M023,P0691,333.08,2025-01-08 22:30:00,completed
T000780,M023,P0765,310.47,2025-01-08 22:45:00,completed
T000781,M009,P0496,321.68,2025-01-08 23:00:00,failed
T000782,M019,P0490,604.86,2025-01-08 23:15:00,failed
T000783,M015,P0815,131.16,2025-01-08 23:30:00,completed
T000784,M012,P0900,1.0,2025-01-08 23:45:00,pending
T000785,M004,P0970,263.44,2025-01-09 00:00:00,pending
T000786,M010,P0401,258.2,2025-01-09 00:15:00,pending
T000787,M016,P0509,549.38,2025-01-09 00:30:00,failed
T000788,M024,P0397,364.01,2025-01-09 00:45:00,pending
T000789,M001,P0634,283.29,2025-01-09 01:00:00,completed
T000790,M018,P0153,346.44,2025-01-09 01:15:00,pending
T000791,M021,P0517,202.71,2025-01-09 01:30:00,failed
T000792,M023,P0227,270.56,2025-01-09 01:45:00,failed
T000793,M011,P0639,485.84,2025-01-09 02:00:00,failed
T000794,M003,P1021,361.09,2025-01-09 02:15:00,completed
T000795,M007,P1183,212.24,2025-01-09 02:30:00,pending
T000796,M021,P0536,449.35,2025-01-09 02:45:00,failed
T000797,M022,P0068,32.37,2025-01-09 03:00:00,pending
T000798,M016,P0274,497.19,2025-01-09 03:15:00,failed
T000799,M003,P0126,428.53,2025-01-09 03:30:00,pending
T000800,M003,P0912,451.69,2025-01-09 03:45:00,failed
T000801,M012,P1182,380.77,2025-01-09 04:00:00,pending
T000802,M015,P0665,683.07,2025-01-09 04:15:00,completed
T000803,M001,P0213,286.7,2025-01-09 04:30:00,completed
T000804,M017,P0026,1.0,2025-01-09 04:45:00,pending
T000805,M014,P1172,579.76,2025-01-09 05:00:00,completed
T000806,M001,P0380,355.37,2025-01-09 05:15:00,pending
T000807,M003,P0135,450.58,2025-01-09 05:30:00,pending
T000808,M024,P0310,999.0,2025-01-09 05:30:00,pending
T000809,M024,P0310,2499.0,2025-01-09 05:30:00,failed
T000810,M024,P0310,1499.0,2025-01-09 05:30:00,failed
T000811,M024,P0310,1499.0,2025-01-09 05:30:00,completed
T000812,M024,P0310,1999.0,2025-01-09 05:30:00,completed
T000813,M024,P0310,1499.0,2025-01-09 05:30:00,failed
T000814,M024,P0310,2499.0,2025-01-09 05:30:00,completed
T000815,M024,P0310,2499.0,2025-01-09 05:30:00,failed
T000816,M024,P0310,2499.0,2025-01-09 05:30:00,failed
T000817,M024,P0310,2499.0,2025-01-09 05:30:00,failed
T000818,M024,P0310,1999.0,2025-01-09 05:30:00,failed
T000819,M024,P0310,1499.0,2025-01-09 05:30:00,failed
T000820,M024,P0310,2499.0,2025-01-09 05:30:00,pending
T000821,M024,P0310,999.0,2025-01-09 05:30:00,pending
T000822,M024,P0310,2499.0,2025-01-09 05:30:00,pending
T000823,M024,P0310,1499.0,2025-01-09 05:30:00,failed
T000824,M011,P0213,234.3,2025-01-09 05:45:00,completed
T000825,M018,P0307,448.48,2025-01-09 06:00:00,pending
T000826,M020,P0788,240.42,2025-01-09 06:15:00,pending
T000827,M011,P1071,552.85,2025-01-09 06:30:00,completed
T000828,M008,P0331,222.85,2025-01-09 06:45:00,completed
T000829,M024,P0825,217.96,2025-01-09 07:00:00,completed
T000830,M012,P0078,481.88,2025-01-09 07:15:00,pending
T000831,M008,P0013,170.0,2025-01-09 07:30:00,completed
T000832,M011,P0066,484.43,2025-01-09 07:45:00,pending
T000833,M001,P1108,334.12,2025-01-09 08:00:00,pending
T000834,M008,P0699,295.22,2025-01-09 08:15:00,failed
T000835,M013,P0967,311.51,2025-01-09 08:30:00,failed
T000836,M023,P0027,533.09,2025-01-09 08:45:00,pending
T000837,M018,P0027,212.03,2025-01-09 09:00:00,pending
T000838,M019,P1019,337.16,2025-01-09 09:15:00,failed
T000839,M014,P0124,160.5,2025-01-09 09:30:00,pending
T000840,M003,P0187,598.92,2025-01-09 09:45:00,completed
T000841,M010,P0623,386.3,2025-01-09 10:00:00,pending
T000842,M024,P0728,404.96,2025-01-09 10:15:00,completed
T000843,M002,P0275,323.7,2025-01-09 10:30:00,pending
T000844,M022,P0534,312.0,2025-01-09 10:45:00,pending
T000845,M017,P0810,401.32,2025-01-09 11:00:00,failed
T000846,M007,P0532,605.61,2025-01-09 11:15:00,pending
T000847,M019,P0460,18.61,2025-01-09 11:30:00,failed
T000848,M021,P0087,709.0,2025-01-09 11:45:00,failed
T000849,M002,P0543,329.08,2025-01-09 12:00:00,failed
T000850,M003,P0964,278.73,2025-01-09 12:15:00,pending
T000851,M016,P0753,611.81,2025-01-09 12:30:00,failed
T000852,M024,P1072,199.01,2025-01-09 12:45:00,pending
T000853,M001,P0152,226.66,2025-01-09 13:00:00,completed
T000854,M016,P0014,415.02,2025-01-09 13:15:00,completed
T000855,M004,P0658,590.88,2025-01-09 13:30:00,pending
T000856,M016,P0215,432.08,2025-01-09 13:45:00,completed
T000857,M015,P0713,110.3,2025-01-09 14:00:00,failed
T000858,M003,P1085,445.99,2025-01-09 14:15:00,pending
T000859,M017,P0405,107.82,2025-01-09 14:30:00,pending
T000860,M022,P0660,404.75,2025-01-09 14:45:00,pending
T000861,M021,P0819,145.23,2025-01-09 15:00:00,pending
T000862,M001,P0181,333.06,2025-01-09 15:15:00,pending
T000863,M006,P1077,440.66,2025-01-09 15:30:00,failed
T000864,M006,P0244,459.27,2025-01-09 15:45:00,pending
T000865,M011,P0970,363.26,2025-01-09 16:00:00,failed
T000866,M004,P0792,191.11,2025-01-09 16:15:00,pending
T000867,M021,P0170,215.68,2025-01-09 16:30:00,pending
T000868,M019,P0870,258.04,2025-01-09 16:45:00,pending
T000869,M020,P0236,423.79,2025-01-09 17:00:00,failed
T000870,M005,P0720,1.0,2025-01-09 17:15:00,failed
T000871,M001,P1152,208.58,2025-01-09 17:30:00,failed
T000872,M022,P1144,364.26,2025-01-09 17:45:00,pending
T000873,M007,P1046,94.94,2025-01-09 18:00:00,completed
T000874,M016,P0593,344.79,2025-01-09 18:15:00,failed
T000875,M022,P0672,419.18,2025-01-09 18:30:00,pending
T000876,M001,P0361,283.83,2025-01-09 18:45:00,completed
T000877,M001,P1106,219.04,2025-01-09 19:00:00,failed
T000878,M001,P0573,530.58,2025-01-09 19:15:00,pending
T000879,M004,P0926,497.95,2025-01-09 19:30:00,completed
T000880,M002,P0432,169.4,2025-01-09 19:45:00,completed
T000881,M020,P0889,579.96,2025-01-09 20:00:00,failed
T000882,M015,P0270,400.99,2025-01-09 20:15:00,pending
T000883,M024,P0881,54.91,2025-01-09 20:30:00,completed
T000884,M020,P0056,407.29,2025-01-09 20:45:00,failed
T000885,M024,P0126,204.36,2025-01-09 21:00:00,pending
T000886,M006,P0423,447.31,2025-01-09 21:15:00,failed
T000887,M007,P0579,731.61,2025-01-09 21:30:00,completed
T000888,M021,P0854,303.68,2025-01-09 21:45:00,failed
T000889,M006,P0431,351.59,2025-01-09 22:00:00,failed
T000890,M002,P0023,551.98,2025-01-09 22:15:00,failed
T000891,M017,P0391,288.16,2025-01-09 22:30:00,completed
T000892,M020,P0528,404.11,2025-01-09 22:45:00,failed
T000893,M024,P0653,449.7,2025-01-09 23:00:00,completed
T000894,M023,P0773,328.38,2025-01-09 23:15:00,completed
T000895,M003,P0298,598.37,2025-01-09 23:30:00,failed
T000896,M019,P0733,435.93,2025-01-09 23:45:00,pending
T000897,M021,P0758,659.44,2025-01-10 00:00:00,pending
T000898,M017,P0932,642.14,2025-01-10 00:15:00,failed
T000899,M020,P0627,447.65,2025-01-10 00:30:00,completed
T000900,M021,P0973,135.35,2025-01-10 00:45:00,failed
T000901,M011,P0266,225.92,2025-01-10 01:00:00,pending
T000902,M001,P0855,421.5,2025-01-10 01:15:00,failed
T000903,M011,P0056,701.03,2025-01-10 01:30:00,failed
T000904,M005,P0124,512.89,2025-01-10 01:45:00,pending
T000905,M003,P1038,559.24,2025-01-10 02:00:00,failed
T000906,M003,P0571,177.02,2025-01-10 02:15:00,pending
T000907,M017,P0746,603.4,2025-01-10 02:30:00,completed
T000908,M013,P0725,457.93,2025-01-10 02:45:00,pending
T000909,M013,P0834,386.78,2025-01-10 03:00:00,pending
T000910,M018,P0295,335.83,2025-01-10 03:15:00,completed
T000911,M014,P0214,465.34,2025-01-10 03:30:00,pending
T000912,M016,P0052,197.27,2025-01-10 03:45:00,completed
T000913,M003,P1038,161.25,2025-01-10 04:00:00,failed
T000914,M021,P0269,389.98,2025-01-10 04:15:00,pending
T000915,M011,P0691,345.15,2025-01-10 04:30:00,pending
T000916,M004,P0546,440.15,2025-01-10 04:45:00,failed
T000917,M020,P0195,237.08,2025-01-10 05:00:00,pending
T000918,M018,P0497,301.81,2025-01-10 05:15:00,completed
T000919,M002,P0100,271.98,2025-01-10 05:30:00,failed
T000920,M005,P0213,19.43,2025-01-10 05:45:00,pending
T000921,M001,P0168,207.7,2025-01-10 06:00:00,failed
T000922,M007,P0990,37.26,2025-01-10 06:15:00,completed
T000923,M003,P0681,551.16,2025-01-10 06:30:00,pending
T000924,M018,P1111,283.5,2025-01-10 06:45:00,completed
T000925,M013,P0524,402.53,2025-01-10 07:00:00,pending
T000926,M024,P0242,265.98,2025-01-10 07:15:00,pending
T000927,M018,P0731,506.2,2025-01-10 07:30:00,pending
T000928,M015,P1116,264.03,2025-01-10 07:45:00,failed
T000929,M013,P0640,206.12,2025-01-10 08:00:00,completed
T000930,M002,P0022,558.43,2025-01-10 08:15:00,completed
T000931,M002,P0365,316.86,2025-01-10 08:30:00,completed
T000932,M015,P1110,155.11,2025-01-10 08:45:00,completed
T000933,M001,P0623,421.03,2025-01-10 09:00:00,failed
T000934,M002,P1143,420.87,2025-01-10 09:15:00,pending
T000935,M006,P0612,280.36,2025-01-10 09:30:00,completed
T000936,M022,P0015,306.89,2025-01-10 09:45:00,completed
T000937,M012,P1048,281.91,2025-01-10 10:00:00,completed
T000938,M018,P0916,603.52,2025-01-10 10:15:00,completed
T000939,M010,P0859,1.0,2025-01-10 10:30:00,failed
T000940,M005,P1165,266.53,2025-01-10 10:45:00,pending
T000941,M009,P0236,276.14,2025-01-10 11:00:00,pending
T000942,M003,P1088,221.46,2025-01-10 11:15:00,pending
T000943,M019,P0280,227.59,2025-01-10 11:30:00,completed
T000944,M005,P1165,424.49,2025-01-10 11:45:00,pending
T000945,M010,P0230,270.47,2025-01-10 12:00:00,completed
T000946,M024,P0661,194.17,2025-01-10 12:15:00,failed
T000947,M015,P0948,580.64,2025-01-10 12:30:00,failed
T000948,M012,P0094,431.2,2025-01-10 12:45:00,pending
T000949,M014,P0081,302.94,2025-01-10 13:00:00,pending
T000950,M019,P1020,651.96,2025-01-10 13:15:00,pending
T000951,M007,P0073,316.13,2025-01-10 13:30:00,failed
T000952,M016,P0737,547.31,2025-01-10 13:45:00,completed
T000953,M021,P1126,219.98,2025-01-10 14:00:00,failed
T000954,M014,P0738,351.84,2025-01-10 14:15:00,pending
T000955,M011,P0578,350.05,2025-01-10 14:30:00,pending
T000956,M004,P0501,726.5,2025-01-10 14:45:00,completed
T000957,M006,P0766,410.52,2025-01-10 15:00:00,pending
T000958,M023,P0687,408.73,2025-01-10 15:15:00,pending
T000959,M013,P0603,356.82,2025-01-10 15:30:00,pending
T000960,M008,P0185,416.69,2025-01-10 15:45:00,pending
T000961,M011,P0796,394.27,2025-01-10 16:00:00,completed
T000962,M014,P0888,340.53,2025-01-10 16:15:00,completed
T000963,M013,P0851,460.35,2025-01-10 16:30:00,failed
T000964,M017,P0091,179.42,2025-01-10 16:45:00,completed
T000965,M007,P0844,894.28,2025-01-10 17:00:00,failed
T000966,M016,P0876,368.03,2025-01-10 17:15:00,failed
T000967,M011,P0221,80.78,2025-01-10 17:30:00,failed
T000968,M023,P1019,182.02,2025-01-10 17:45:00,completed
T000969,M004,P0629,270.35,2025-01-10 18:00:00,pending
T000970,M004,P0567,434.96,2025-01-10 18:15:00,completed
T000971,M012,P0868,452.31,2025-01-10 18:30:00,completed
T000972,M013,P0612,680.64,2025-01-10 18:45:00,failed
T000973,M017,P0654,135.46,2025-01-10 19:00:00,pending
T000974,M010,P0375,533.88,2025-01-10 19:15:00,pending
T000975,M022,P1114,453.92,2025-01-10 19:30:00,failed
T000976,M012,P1164,377.29,2025-01-10 19:45:00,completed
T000977,M004,P0157,265.23,2025-01-10 20:00:00,completed
T000978,M003,P0880,305.02,2025-01-10 20:15:00,pending
T000979,M024,P0029,1.0,2025-01-10 20:30:00,pending
T000980,M004,P0443,335.4,2025-01-10 20:45:00,failed
T000981,M023,P1164,262.74,2025-01-10 21:00:00,completed
T000982,M007,P0210,414.52,2025-01-10 21:15:00,failed
T000983,M003,P0453,189.12,2025-01-10 21:30:00,failed
T000984,M008,P0264,423.28,2025-01-10 21:45:00,pending
T000985,M015,P0874,443.44,2025-01-10 22:00:00,completed
T000986,M011,P0557,143.38,2025-01-10 22:15:00,failed
T000987,M019,P0712,366.01,2025-01-10 22:30:00,pending
T000988,M015,P1132,165.1,2025-01-10 22:45:00,failed
T000989,M010,P0626,214.87,2025-01-10 23:00:00,pending
T000990,M016,P0881,284.73,2025-01-10 23:15:00,failed
T000991,M024,P0118,269.38,2025-01-10 23:30:00,completed
T000992,M010,P0259,413.44,2025-01-10 23:45:00,pending
T000993,M004,P1137,411.02,2025-01-11 00:00:00,failed
T000994,M010,P1032,242.65,2025-01-11 00:15:00,completed
T000995,M021,P0789,1.0,2025-01-11 00:30:00,pending
T000996,M006,P0454,430.7,2025-01-11 00:45:00,completed
T000997,M023,P0240,317.75,2025-01-11 01:00:00,completed
T000998,M015,P1023,482.51,2025-01-11 01:15:00,failed
T000999,M015,P0943,70.15,2025-01-11 01:30:00,completed
T001000,M008,P0291,145.47,2025-01-11 01:45:00,failed
T001001,M023,P0708,668.87,2025-01-11 02:00:00,failed
T001002,M001,P0743,1.0,2025-01-11 02:15:00,pending
T001003,M008,P0573,77.52,2025-01-11 02:30:00,pending
T001004,M011,P1113,264.96,2025-01-11 02:45:00,failed
T001005,M012,P0149,111.61,2025-01-11 03:00:00,failed
T001006,M012,P0310,406.26,2025-01-11 03:15:00,pending
T001007,M004,P0115,435.47,2025-01-11 03:30:00,completed
T001008,M006,P0832,480.01,2025-01-11 03:45:00,completed
T001009,M003,P0773,281.52,2025-01-11 04:00:00,pending
T001010,M014,P1185,459.98,2025-01-11 04:15:00,failed
T001011,M009,P0651,56.78,2025-01-11 04:30:00,pending
T001012,M014,P0181,382.83,2025-01-11 04:45:00,completed
T001013,M015,P0542,580.57,2025-01-11 05:00:00,pending
T001014,M017,P0107,183.83,2025-01-11 05:15:00,failed
T001015,M014,P0806,140.86,2025-01-11 05:30:00,completed
T001016,M016,P0810,361.88,2025-01-11 05:45:00,pending
T001017,M015,P1030,266.41,2025-01-11 06:00:00,pending
T001018,M016,P0408,122.01,2025-01-11 06:15:00,failed
T001019,M015,P0373,341.27,2025-01-11 06:30:00,failed
T001020,M008,P0086,226.59,2025-01-11 06:45:00,failed
T001021,M006,P0499,628.48,2025-01-11 07:00:00,failed
T001022,M019,P0571,578.61,2025-01-11 07:15:00,pending
T001023,M009,P0906,254.01,2025-01-11 07:30:00,pending
T001024,M014,P0905,340.01,2025-01-11 07:45:00,failed
T001025,M005,P0169,44.43,2025-01-11 08:00:00,failed
T001026,M011,P0343,325.67,2025-01-11 08:15:00,completed
T001027,M013,P0614,484.36,2025-01-11 08:30:00,pending
T001028,M016,P0403,320.33,2025-01-11 08:45:00,completed
T001029,M013,P0031,193.97,2025-01-11 09:00:00,pending
T001030,M009,P1015,406.05,2025-01-11 09:15:00,completed
T001031,M024,P0878,416.07,2025-01-11 09:30:00,pending
T001032,M013,P0625,558.14,2025-01-11 09:45:00,pending
T001033,M020,P0381,487.76,2025-01-11 10:00:00,completed
T001034,M018,P1012,224.78,2025-01-11 10:15:00,pending
T001035,M014,P0043,169.3,2025-01-11 10:30:00,pending
T001036,M022,P0536,380.72,2025-01-11 10:45:00,failed
T001037,M004,P0962,99.71,2025-01-11 11:00:00,failed
T001038,M023,P1144,81.06,2025-01-11 11:15:00,failed
T001039,M021,P0302,340.43,2025-01-11 11:30:00,completed
T001040,M013,P0781,445.19,2025-01-11 11:45:00,completed
T001041,M018,P0228,418.03,2025-01-11 12:00:00,completed
T001042,M013,P0140,502.62,2025-01-11 12:15:00,failed
T001043,M007,P0424,273.88,2025-01-11 12:30:00,failed
T001044,M020,P1063,98.42,2025-01-11 12:45:00,pending
T001045,M006,P0828,176.75,2025-01-11 13:00:00,failed
T001046,M008,P0588,1.0,2025-01-11 13:15:00,completed
T001047,M013,P0340,343.31,2025-01-11 13:30:00,completed
T001048,M021,P0170,368.24,2025-01-11 13:45:00,pending
T001049,M010,P0325,156.01,2025-01-11 14:00:00,failed
T001050,M012,P0184,353.48,2025-01-11 14:15:00,pending
T001051,M001,P0225,602.07,2025-01-11 14:30:00,failed
T001052,M003,P0826,211.64,2025-01-11 14:45:00,completed
T001053,M002,P0160,305.56,2025-01-11 15:00:00,failed
T001054,M002,P0057,423.1,2025-01-11 15:15:00,pending
T001055,M021,P0651,456.17,2025-01-11 15:30:00,failed
T001056,M021,P0344,238.07,2025-01-11 15:45:00,pending
T001057,M020,P0546,301.8,2025-01-11 16:00:00,pending
T001058,M002,P0168,388.18,2025-01-11 16:15:00,pending
T001059,M002,P0252,418.7,2025-01-11 16:30:00,pending
T001060,M007,P0530,545.54,2025-01-11 16:45:00,pending
T001061,M014,P0829,238.94,2025-01-11 17:00:00,pending
T001062,M009,P0498,446.93,2025-01-11 17:15:00,failed
T001063,M012,P0651,347.83,2025-01-11 17:30:00,pending
T001064,M005,P0627,786.8,2025-01-11 17:45:00,completed
T001065,M018,P0323,202.94,2025-01-11 18:00:00,pending
T001066,M008,P0336,214.96,2025-01-11 18:15:00,completed
T001067,M002,P0511,671.41,2025-01-11 18:30:00,pending
T001068,M018,P0039,227.9,2025-01-11 18:45:00,failed
T001069,M022,P0823,442.27,2025-01-11 19:00:00,failed
T001070,M001,P0738,257.01,2025-01-11 19:15:00,pending
T001071,M011,P0368,486.47,2025-01-11 19:30:00,pending
T001072,M020,P0449,388.83,2025-01-11 19:45:00,pending
T001073,M017,P0395,342.45,2025-01-11 20:00:00,failed
T001074,M021,P0782,391.29,2025-01-11 20:15:00,pending
T001075,M010,P0912,360.64,2025-01-11 20:30:00,pending
T001076,M009,P0131,654.88,2025-01-11 20:45:00,completed
T001077,M018,P0496,160.92,2025-01-11 21:00:00,completed
T001078,M004,P0017,292.36,2025-01-11 21:15:00,completed
T001079,M006,P0543,666.72,2025-01-11 21:30:00,pending
T001080,M015,P0298,217.65,2025-01-11 21:45:00,failed
T001081,M017,P0403,175.43,2025-01-11 22:00:00,completed
T001082,M003,P0548,102.85,2025-01-11 22:15:00,failed
T001083,M013,P0389,263.86,2025-01-11 22:30:00,failed
T001084,M009,P0473,393.28,2025-01-11 22:45:00,pending
T001085,M013,P0918,259.96,2025-01-11 23:00:00,pending
T001086,M024,P0973,545.41,2025-01-11 23:15:00,completed
T001087,M002,P0008,114.62,2025-01-11 23:30:00,pending
T001088,M024,P0454,223.81,2025-01-11 23:45:00,completed
T001089,M011,P1017,638.28,2025-01-12 00:00:00,failed
T001090,M019,P0637,168.55,2025-01-12 00:15:00,completed
T001091,M011,P0247,184.93,2025-01-12 00:30:00,pending
T001092,M008,P0713,302.77,2025-01-12 00:45:00,completed
T001093,M019,P0174,319.52,2025-01-12 01:00:00,failed
T001094,M017,P0027,215.24,2025-01-12 01:15:00,failed
T001095,M004,P0759,366.43,2025-01-12 01:30:00,completed
T001096,M017,P0619,495.64,2025-01-12 01:45:00,completed
T001097,M019,P0908,321.27,2025-01-12 02:00:00,pending
T001098,M010,P0414,37.01,2025-01-12 02:15:00,pending
T001099,M023,P1026,159.88,2025-01-12 02:30:00,failed
T001100,M016,P0506,325.18,2025-01-12 02:45:00,completed
T001101,M009,P0886,363.49,2025-01-12 03:00:00,completed
T001102,M001,P0121,136.28,2025-01-12 03:15:00,failed
T001103,M017,P0117,307.49,2025-01-12 03:30:00,pending
T001104,M006,P0940,223.25,2025-01-12 03:45:00,failed
T001105,M019,P1001,607.67,2025-01-12 04:00:00,completed
T001106,M013,P1131,402.22,2025-01-12 04:15:00,pending
T001107,M012,P0390,672.96,2025-01-12 04:30:00,failed
T001108,M004,P0027,348.61,2025-01-12 04:45:00,completed
T001109,M018,P1176,415.94,2025-01-12 05:00:00,failed
T001110,M004,P0722,404.13,2025-01-12 05:15:00,completed
T001111,M011,P0297,150.82,2025-01-12 05:30:00,pending
T001112,M021,P0917,540.41,2025-01-12 05:45:00,pending
T001113,M023,P1085,399.02,2025-01-12 06:00:00,pending
T001114,M024,P0342,175.98,2025-01-12 06:15:00,failed
T001115,M023,P0924,451.65,2025-01-12 06:30:00,failed
T001116,M014,P0946,1.0,2025-01-12 06:45:00,completed
T001117,M005,P0603,573.71,2025-01-12 07:00:00,failed
T001118,M021,P0759,202.57,2025-01-12 07:15:00,pending
T001119,M020,P0324,529.09,2025-01-12 07:30:00,failed
T001120,M024,P1115,226.08,2025-01-12 07:45:00,completed
T001121,M016,P1180,414.5,2025-01-12 08:00:00,failed
T001122,M004,P1178,642.25,2025-01-12 08:15:00,failed
T001123,M013,P0885,414.75,2025-01-12 08:30:00,completed
T001124,M011,P0051,492.47,2025-01-12 08:45:00,failed
T001125,M021,P0440,123.74,2025-01-12 09:00:00,failed
T001126,M010,P0534,294.79,2025-01-12 09:15:00,pending
T001127,M008,P1152,465.95,2025-01-12 09:30:00,failed
T001128,M002,P0657,407.33,2025-01-12 09:45:00,completed
T001129,M021,P0644,309.06,2025-01-12 10:00:00,completed
T001130,M019,P0177,371.26,2025-01-12 10:15:00,failed
T001131,M001,P0953,1.0,2025-01-12 10:30:00,failed
T001132,M011,P0404,465.59,2025-01-12 10:45:00,completed
T001133,M012,P0111,430.27,2025-01-12 11:00:00,failed
T001134,M012,P1186,645.59,2025-01-12 11:15:00,pending
T001135,M023,P0229,406.05,2025-01-12 11:30:00,completed
T001136,M004,P0020,538.01,2025-01-12 11:45:00,failed
T001137,M008,P0094,415.27,2025-01-12 12:00:00,completed
T001138,M005,P0544,1.0,2025-01-12 12:15:00,failed
T001139,M006,P0124,264.12,2025-01-12 12:30:00,pending
T001140,M022,P1012,286.44,2025-01-12 12:45:00,pending
T001141,M023,P0615,494.21,2025-01-12 13:00:00,failed
T001142,M002,P0389,581.85,2025-01-12 13:15:00,failed
T001143,M016,P0004,296.86,2025-01-12 13:30:00,pending
T001144,M006,P0576,441.06,2025-01-12 13:45:00,pending
T001145,M005,P0182,620.29,2025-01-12 14:00:00,pending
T001146,M008,P1174,267.49,2025-01-12 14:15:00,failed
T001147,M005,P0350,502.73,2025-01-12 14:30:00,pending
T001148,M012,P0570,393.21,2025-01-12 14:45:00,completed
T001149,M024,P0023,297.31,2025-01-12 15:00:00,completed
T001150,M015,P0158,415.44,2025-01-12 15:15:00,failed
T001151,M018,P0249,486.28,2025-01-12 15:30:00,completed
T001152,M012,P0063,285.26,2025-01-12 15:45:00,failed
T001153,M001,P0872,409.46,2025-01-12 16:00:00,completed
T001154,M003,P1135,690.28,2025-01-12 16:15:00,completed
T001155,M007,P1183,483.67,2025-01-12 16:30:00,completed
T001156,M006,P0319,340.27,2025-01-12 16:45:00,failed
T001157,M021,P0947,450.33,2025-01-12 17:00:00,completed
T001158,M021,P0605,384.14,2025-01-12 17:15:00,failed
T001159,M021,P0056,159.58,2025-01-12 17:30:00,pending
T001160,M016,P0109,144.77,2025-01-12 17:45:00,completed
T001161,M014,P0658,272.22,2025-01-12 18:00:00,completed
T001162,M016,P0509,708.38,2025-01-12 18:15:00,completed
T001163,M010,P0011,273.92,2025-01-12 18:30:00,completed
T001164,M017,P1117,250.85,2025-01-12 18:45:00,completed
T001165,M020,P0877,648.6,2025-01-12 19:00:00,failed
T001166,M019,P0603,169.51,2025-01-12 19:15:00,completed
T001167,M015,P1185,841.63,2025-01-12 19:30:00,pending
T001168,M002,P1166,150.92,2025-01-12 19:45:00,pending
T001169,M018,P1169,342.45,2025-01-12 20:00:00,completed
T001170,M009,P0311,502.3,2025-01-12 20:15:00,failed
T001171,M018,P1058,681.11,2025-01-12 20:30:00,failed
T001172,M013,P0606,252.84,2025-01-12 20:45:00,pending
T001173,M022,P0872,491.68,2025-01-12 21:00:00,completed
T001174,M009,P1032,164.0,2025-01-12 21:15:00,completed
T001175,M023,P0196,33.22,2025-01-12 21:30:00,failed
T001176,M021,P0538,188.64,2025-01-12 21:45:00,pending
T001177,M008,P0155,138.0,2025-01-12 22:00:00,completed
T001178,M012,P0336,134.11,2025-01-12 22:15:00,failed
T001179,M013,P0497,1.0,2025-01-12 22:30:00,pending
T001180,M019,P1027,265.07,2025-01-12 22:45:00,pending
T001181,M017,P1036,241.02,2025-01-12 23:00:00,failed
T001182,M021,P0468,239.56,2025-01-12 23:15:00,pending
T001183,M009,P0396,508.57,2025-01-12 23:30:00,completed
T001184,M013,P0637,342.39,2025-01-12 23:45:00,failed
T001185,M011,P1095,199.63,2025-01-13 00:00:00,pending
T001186,M022,P1172,212.28,2025-01-13 00:15:00,failed
T001187,M008,P0273,380.6,2025-01-13 00:30:00,failed
T001188,M015,P0224,179.97,2025-01-13 00:45:00,failed
T001189,M003,P0849,528.54,2025-01-13 01:00:00,failed
T001190,M021,P0362,269.35,2025-01-13 01:15:00,pending
T001191,M010,P0240,376.19,2025-01-13 01:30:00,failed
T001192,M009,P0038,193.83,2025-01-13 01:45:00,completed
T001193,M014,P0484,362.69,2025-01-13 02:00:00,pending
T001194,M012,P0471,179.91,2025-01-13 02:15:00,completed
T001195,M021,P0676,57.9,2025-01-13 02:30:00,pending
T001196,M013,P0241,452.05,2025-01-13 02:45:00,completed
T001197,M013,P0858,224.96,2025-01-13 03:00:00,failed
T001198,M003,P0817,509.42,2025-01-13 03:15:00,pending
T001199,M001,P0555,584.78,2025-01-13 03:30:00,failed
T001200,M010,P0218,683.52,2025-01-13 03:45:00,pending
T001201,M024,P0609,208.34,2025-01-13 04:00:00,pending
T001202,M023,P0810,331.58,2025-01-13 04:15:00,pending
T001203,M016,P0448,269.7,2025-01-13 04:30:00,failed
T001204,M016,P0317,377.27,2025-01-13 04:45:00,failed
T001205,M010,P0608,399.59,2025-01-13 05:00:00,pending
T001206,M005,P0427,418.77,2025-01-13 05:15:00,pending
T001207,M001,P0481,493.8,2025-01-13 05:30:00,pending
T001208,M009,P0419,152.83,2025-01-13 05:45:00,completed
T001209,M008,P0365,640.54,2025-01-13 06:00:00,failed
T001210,M005,P0861,237.82,2025-01-13 06:15:00,pending
T001211,M007,P0553,238.15,2025-01-13 06:30:00,failed
T001212,M001,P0560,222.39,2025-01-13 06:45:00,completed
T001213,M015,P0784,119.03,2025-01-13 07:00:00,pending
T001214,M023,P0434,314.9,2025-01-13 07:15:00,pending
T001215,M017,P0122,243.27,2025-01-13 07:30:00,failed
T001216,M011,P1024,402.75,2025-01-13 07:45:00,failed
T001217,M011,P0067,397.76,2025-01-13 08:00:00,completed
T001218,M008,P0687,328.21,2025-01-13 08:15:00,pending
T001219,M004,P0319,414.98,2025-01-13 08:30:00,failed
T001220,M015,P0257,333.1,2025-01-13 08:45:00,failed
T001221,M014,P0051,544.24,2025-01-13 09:00:00,pending
T001222,M001,P1081,492.71,2025-01-13 09:15:00,failed
T001223,M010,P0516,261.83,2025-01-13 09:30:00,failed
T001224,M007,P0412,398.3,2025-01-13 09:45:00,pending
T001225,M005,P0890,480.56,2025-01-13 10:00:00,failed
T001226,M017,P0047,425.99,2025-01-13 10:15:00,pending
T001227,M013,P0678,287.25,2025-01-13 10:30:00,pending
T001228,M016,P0594,449.31,2025-01-13 10:45:00,completed
T001229,M018,P0665,426.76,2025-01-13 11:00:00,pending
T001230,M024,P0149,549.7,2025-01-13 11:15:00,pending
T001231,M020,P1144,191.08,2025-01-13 11:30:00,completed
T001232,M015,P0287,644.56,2025-01-13 11:45:00,pending
T001233,M022,P0815,506.34,2025-01-13 12:00:00,pending
T001234,M012,P0897,401.73,2025-01-13 12:15:00,pending
T001235,M024,P0413,377.86,2025-01-13 12:30:00,pending
T001236,M019,P0157,186.83,2025-01-13 12:45:00,completed
T001237,M016,P0357,340.85,2025-01-13 13:00:00,failed
T001238,M022,P0969,394.48,2025-01-13 13:15:00,failed
T001239,M013,P1088,553.31,2025-01-13 13:30:00,completed
T001240,M018,P1125,159.62,2025-01-13 13:45:00,failed
T001241,M007,P0272,408.47,2025-01-13 14:00:00,completed
T001242,M024,P0728,321.91,2025-01-13 14:15:00,failed
T001243,M015,P0182,297.48,2025-01-13 14:30:00,completed
T001244,M019,P0853,1.0,2025-01-13 14:45:00,completed
T001245,M012,P0500,280.1,2025-01-13 15:00:00,completed
T001246,M021,P0857,209.39,2025-01-13 15:15:00,completed
T001247,M002,P0823,511.97,2025-01-13 15:30:00,failed
T001248,M003,P1192,341.4,2025-01-13 15:45:00,failed
T001249,M013,P0587,301.28,2025-01-13 16:00:00,failed
T001250,M018,P0410,331.14,2025-01-13 16:15:00,completed
T001251,M020,P0633,335.89,2025-01-13 16:30:00,completed
T001252,M011,P0196,395.44,2025-01-13 16:45:00,completed
T001253,M016,P0135,485.58,2025-01-13 17:00:00,pending
T001254,M014,P0624,160.88,2025-01-13 17:15:00,completed
T001255,M024,P0991,35.27,2025-01-13 17:30:00,completed
T001256,M016,P0640,395.06,2025-01-13 17:45:00,failed
T001257,M011,P0939,440.95,2025-01-13 18:00:00,failed
T001258,M024,P0214,671.29,2025-01-13 18:15:00,completed
T001259,M003,P0540,240.41,2025-01-13 18:30:00,pending
T001260,M024,P0736,503.79,2025-01-13 18:45:00,failed
T001261,M004,P0418,172.34,2025-01-13 19:00:00,failed
T001262,M007,P0017,382.25,2025-01-13 19:15:00,pending
T001263,M020,P0089,864.35,2025-01-13 19:30:00,failed
T001264,M018,P1114,639.15,2025-01-13 19:45:00,completed
T001265,M024,P0727,567.02,2025-01-13 20:00:00,failed
T001266,M018,P0318,171.94,2025-01-13 20:15:00,failed
T001267,M016,P0311,540.76,2025-01-13 20:30:00,pending
T001268,M009,P0048,638.16,2025-01-13 20:45:00,completed
T001269,M001,P1134,386.0,2025-01-13 21:00:00,failed
T001270,M003,P0130,680.95,2025-01-13 21:15:00,pending
T001271,M008,P0912,288.71,2025-01-13 21:30:00,failed
T001272,M001,P0289,307.34,2025-01-13 21:45:00,failed
T001273,M013,P0403,478.7,2025-01-13 22:00:00,completed
T001274,M019,P0329,114.92,2025-01-13 22:15:00,failed
T001275,M024,P0990,337.14,2025-01-13 22:30:00,failed
T001276,M012,P0040,287.29,2025-01-13 22:45:00,pending
T001277,M022,P0423,570.91,2025-01-13 23:00:00,failed
T001278,M024,P0336,406.37,2025-01-13 23:15:00,completed
T001279,M021,P0328,362.23,2025-01-13 23:30:00,completed
T001280,M012,P0232,112.57,2025-01-13 23:45:00,pending
T001281,M008,P1095,352.14,2025-01-14 00:00:00,failed
T001282,M024,P0455,454.27,2025-01-14 00:15:00,completed
T001283,M006,P0502,39.39,2025-01-14 00:30:00,pending
T001284,M010,P0463,481.95,2025-01-14 00:45:00,completed
T001285,M002,P1177,332.68,2025-01-14 01:00:00,pending
T001286,M020,P0407,191.47,2025-01-14 01:15:00,pending
T001287,M016,P0411,413.04,2025-01-14 01:30:00,failed
T001288,M003,P0394,431.21,2025-01-14 01:45:00,pending
T001289,M006,P0393,269.46,2025-01-14 02:00:00,completed
T001290,M014,P0108,354.55,2025-01-14 02:15:00,failed
T001291,M013,P0726,447.68,2025-01-14 02:30:00,failed
T001292,M020,P0031,525.32,2025-01-14 02:45:00,pending
T001293,M007,P0272,266.85,2025-01-14 03:00:00,pending
T001294,M023,P0243,705.86,2025-01-14 03:15:00,completed
T001295,M011,P0350,241.17,2025-01-14 03:30:00,failed
T001296,M020,P0908,338.16,2025-01-14 03:45:00,completed
T001297,M006,P0720,362.09,2025-01-14 04:00:00,failed
T001298,M001,P1189,346.86,2025-01-14 04:15:00,pending
T001299,M002,P0422,342.84,2025-01-14 04:30:00,failed
T001300,M009,P1115,1.0,2025-01-14 04:45:00,completed
T001301,M023,P0054,688.56,2025-01-14 05:00:00,pending
T001302,M002,P0606,454.51,2025-01-14 05:15:00,failed
T001303,M009,P0959,101.94,2025-01-14 05:30:00,failed
T001304,M003,P0639,228.98,2025-01-14 05:45:00,completed
T001305,M023,P1120,614.55,2025-01-14 06:00:00,pending
T001306,M017,P0378,486.45,2025-01-14 06:15:00,failed
T001307,M019,P0040,232.92,2025-01-14 06:30:00,failed
T001308,M018,P0929,305.8,2025-01-14 06:45:00,pending
T001309,M016,P0082,581.09,2025-01-14 07:00:00,failed
T001310,M019,P0918,113.18,2025-01-14 07:15:00,completed
T001311,M001,P0881,1.0,2025-01-14 07:30:00,pending
T001312,M021,P1014,203.91,2025-01-14 07:45:00,pending
T001313,M018,P0575,59.39,2025-01-14 08:00:00,failed
T001314,M018,P1075,1.0,2025-01-14 08:15:00,pending
T001315,M010,P0204,166.76,2025-01-14 08:30:00,pending
T001316,M020,P0522,422.65,2025-01-14 08:45:00,pending
T001317,M010,P0147,383.74,2025-01-14 09:00:00,completed
T001318,M002,P0921,73.5,2025-01-14 09:15:00,failed
T001319,M022,P0858,144.95,2025-01-14 09:30:00,failed
T001320,M006,P0968,506.27,2025-01-14 09:45:00,completed
T001321,M003,P0918,512.43,2025-01-14 10:00:00,failed
T001322,M015,P0371,217.24,2025-01-14 10:15:00,completed
T001323,M006,P0082,354.42,2025-01-14 10:30:00,pending
T001324,M021,P1116,313.79,2025-01-14 10:45:00,completed
T001325,M011,P0592,716.68,2025-01-14 11:00:00,pending
T001326,M001,P0114,307.76,2025-01-14 11:15:00,failed
T001327,M023,P1113,568.11,2025-01-14 11:30:00,failed
T001328,M013,P1194,234.13,2025-01-14 11:45:00,completed
T001329,M007,P0535,254.77,2025-01-14 12:00:00,completed
T001330,M017,P0925,62.73,2025-01-14 12:15:00,pending
T001331,M013,P0044,457.15,2025-01-14 12:30:00,pending
T001332,M001,P0112,441.51,2025-01-14 12:45:00,completed
T001333,M013,P0976,1999.0,2025-01-14 13:00:00,failed
T001334,M013,P0976,2499.0,2025-01-14 13:00:00,completed
T001335,M013,P0976,2499.0,2025-01-14 13:00:00,pending
T001336,M013,P0976,2499.0,2025-01-14 13:00:00,completed
T001337,M013,P0976,999.0,2025-01-14 13:00:00,failed
T001338,M013,P0976,1499.0,2025-01-14 13:00:00,pending
T001339,M013,P0976,2499.0,2025-01-14 13:00:00,failed
T001340,M013,P0976,2499.0,2025-01-14 13:00:00,completed
T001341,M013,P0976,1999.0,2025-01-14 13:00:00,completed
T001342,M013,P0976,1999.0,2025-01-14 13:00:00,failed
T001343,M013,P0976,1499.0,2025-01-14 13:00:00,completed
T001344,M013,P0976,1499.0,2025-01-14 13:00:00,pending
T001345,M013,P0976,2499.0,2025-01-14 13:00:00,failed
T001346,M013,P0976,1499.0,2025-01-14 13:00:00,failed
T001347,M013,P0976,1999.0,2025-01-14 13:00:00,completed
T001348,M013,P0976,1999.0,2025-01-14 13:00:00,pending
T001349,M019,P0332,193.33,2025-01-14 13:00:00,failed
T001350,M010,P0788,188.1,2025-01-14 13:15:00,failed
T001351,M017,P0161,290.13,2025-01-14 13:30:00,completed
T001352,M022,P0042,367.23,2025-01-14 13:45:00,completed
T001353,M015,P0803,136.25,2025-01-14 14:00:00,completed
T001354,M017,P0925,106.68,2025-01-14 14:15:00,pending
T001355,M007,P0888,134.18,2025-01-14 14:30:00,completed
T001356,M006,P0960,270.02,2025-01-14 14:45:00,completed
T001357,M010,P0964,518.65,2025-01-14 15:00:00,pending
T001358,M021,P0723,444.14,2025-01-14 15:15:00,failed
T001359,M013,P0624,152.19,2025-01-14 15:30:00,failed
T001360,M009,P1029,398.96,2025-01-14 15:45:00,failed
T001361,M019,P0418,236.9,2025-01-14 16:00:00,pending
T001362,M021,P0118,429.44,2025-01-14 16:15:00,completed
T001363,M022,P0903,287.22,2025-01-14 16:30:00,pending
T001364,M008,P0332,636.69,2025-01-14 16:45:00,failed
T001365,M018,P1175,319.07,2025-01-14 17:00:00,completed
T001366,M015,P0498,450.69,2025-01-14 17:15:00,completed
T001367,M011,P1023,85.9,2025-01-14 17:30:00,pending
T001368,M010,P0051,199.95,2025-01-14 17:45:00,pending
T001369,M003,P0792,196.13,2025-01-14 18:00:00,pending
T001370,M007,P0538,460.64,2025-01-14 18:15:00,failed
T001371,M014,P0556,575.93,2025-01-14 18:30:00,pending
T001372,M022,P0319,269.78,2025-01-14 18:45:00,failed
T001373,M021,P1166,1.0,2025-01-14 19:00:00,failed
T001374,M005,P0472,354.64,2025-01-14 19:15:00,pending
T001375,M017,P1021,382.93,2025-01-14 19:30:00,completed
T001376,M003,P0511,573.31,2025-01-14 19:45:00,failed
T001377,M017,P0058,491.31,2025-01-14 20:00:00,pending
T001378,M009,P1056,257.66,2025-01-14 20:15:00,failed
T001379,M011,P0223,332.93,2025-01-14 20:30:00,pending
T001380,M018,P0325,440.08,2025-01-14 20:45:00,pending
T001381,M011,P1034,414.24,2025-01-14 21:00:00,completed
T001382,M020,P1073,565.43,2025-01-14 21:15:00,failed
T001383,M013,P1101,368.42,2025-01-14 21:30:00,pending
T001384,M024,P0512,340.76,2025-01-14 21:45:00,completed
T001385,M016,P0909,400.62,2025-01-14 22:00:00,completed
T001386,M008,P0394,289.25,2025-01-14 22:15:00,completed
T001387,M019,P0889,499.03,2025-01-14 22:30:00,failed
T001388,M010,P0604,113.29,2025-01-14 22:45:00,failed
T001389,M013,P0063,95.27,2025-01-14 23:00:00,failed
T001390,M004,P0502,565.28,2025-01-14 23:15:00,completed
T001391,M003,P0562,408.12,2025-01-14 23:30:00,failed
T001392,M014,P0309,540.19,2025-01-14 23:45:00,pending
T001393,M005,P0450,473.05,2025-01-15 00:00:00,failed
T001394,M024,P0604,661.66,2025-01-15 00:15:00,failed
T001395,M021,P0060,446.53,2025-01-15 00:30:00,failed
T001396,M017,P0183,229.71,2025-01-15 00:45:00,completed
T001397,M018,P0921,396.22,2025-01-15 01:00:00,pending
T001398,M015,P0423,475.94,2025-01-15 01:15:00,failed
T001399,M002,P0731,178.36,2025-01-15 01:30:00,pending
T001400,M010,P0679,256.11,2025-01-15 01:45:00,completed
T001401,M012,P0662,302.4,2025-01-15 02:00:00,completed
T001402,M022,P0497,320.98,2025-01-15 02:15:00,pending
T001403,M006,P0580,690.09,2025-01-15 02:30:00,completed
T001404,M012,P0989,413.81,2025-01-15 02:45:00,failed
T001405,M009,P1159,345.45,2025-01-15 03:00:00,failed
T001406,M004,P0309,553.39,2025-01-15 03:15:00,completed
T001407,M003,P0804,200.63,2025-01-15 03:30:00,pending
T001408,M009,P1164,22.05,2025-01-15 03:45:00,failed
T001409,M002,P0010,552.16,2025-01-15 04:00:00,failed
T001410,M002,P0942,364.41,2025-01-15 04:15:00,failed
T001411,M009,P0597,1.0,2025-01-15 04:30:00,pending
T001412,M005,P1162,187.26,2025-01-15 04:45:00,pending
T001413,M014,P0694,230.6,2025-01-15 05:00:00,failed
T001414,M001,P1006,395.82,2025-01-15 05:15:00,failed
T001415,M008,P0200,262.14,2025-01-15 05:30:00,completed
T001416,M011,P0171,372.65,2025-01-15 05:45:00,failed
T001417,M024,P1112,276.3,2025-01-15 06:00:00,pending
T001418,M016,P0632,290.14,2025-01-15 06:15:00,pending
T001419,M022,P0671,411.13,2025-01-15 06:30:00,completed
T001420,M009,P0204,95.57,2025-01-15 06:45:00,pending
T001421,M011,P0273,528.03,2025-01-15 07:00:00,completed
T001422,M011,P0982,269.65,2025-01-15 07:15:00,pending
T001423,M022,P0364,238.36,2025-01-15 07:30:00,pending
T001424,M024,P0701,451.1,2025-01-15 07:45:00,failed
T001425,M024,P0380,552.82,2025-01-15 08:00:00,completed
T001426,M019,P0317,455.58,2025-01-15 08:15:00,failed
T001427,M013,P0200,385.25,2025-01-15 08:30:00,pending
T001428,M013,P1116,692.1,2025-01-15 08:45:00,failed
T001429,M024,P1129,91.02,2025-01-15 09:00:00,pending
T001430,M007,P0139,420.19,2025-01-15 09:15:00,completed
T001431,M009,P0424,399.61,2025-01-15 09:30:00,pending
T001432,M022,P0677,498.91,2025-01-15 09:45:00,pending
T001433,M010,P0460,69.13,2025-01-15 10:00:00,pending
T001434,M006,P0866,248.5,2025-01-15 10:15:00,pending
T001435,M014,P0313,228.09,2025-01-15 10:30:00,completed
T001436,M008,P0071,543.95,2025-01-15 10:45:00,pending
T001437,M022,P0405,288.21,2025-01-15 11:00:00,pending
T001438,M022,P0718,358.95,2025-01-15 11:15:00,completed
T001439,M008,P0217,189.31,2025-01-15 11:30:00,failed
T001440,M013,P0980,296.09,2025-01-15 11:45:00,completed
T001441,M024,P0015,224.6,2025-01-15 12:00:00,pending
T001442,M018,P0082,392.24,2025-01-15 12:15:00,failed
T001443,M006,P0611,63.68,2025-01-15 12:30:00,completed
T001444,M015,P0615,426.44,2025-01-15 12:45:00,completed
T001445,M015,P0354,203.25,2025-01-15 13:00:00,completed
T001446,M016,P0311,490.57,2025-01-15 13:15:00,completed
T001447,M001,P0084,121.23,2025-01-15 13:30:00,completed
T001448,M008,P0796,651.4,2025-01-15 13:45:00,failed
T001449,M021,P0455,413.28,2025-01-15 14:00:00,completed
T001450,M006,P0143,181.89,2025-01-15 14:15:00,completed
T001451,M008,P0480,258.12,2025-01-15 14:30:00,pending
T001452,M008,P1125,509.01,2025-01-15 14:45:00,failed
T001453,M005,P0314,210.18,2025-01-15 15:00:00,pending
T001454,M004,P1074,277.89,2025-01-15 15:15:00,pending
T001455,M009,P0311,162.2,2025-01-15 15:30:00,completed
T001456,M021,P0224,1.0,2025-01-15 15:45:00,pending
T001457,M001,P0313,328.26,2025-01-15 16:00:00,pending
T001458,M007,P0388,498.45,2025-01-15 16:15:00,completed
T001459,M002,P0145,10.47,2025-01-15 16:30:00,pending
T001460,M014,P0706,497.71,2025-01-15 16:45:00,failed
T001461,M007,P0401,575.37,2025-01-15 17:00:00,failed
T001462,M020,P0862,532.5,2025-01-15 17:15:00,completed
T001463,M015,P0590,85.18,2025-01-15 17:30:00,completed
T001464,M019,P0532,211.19,2025-01-15 17:45:00,failed
T001465,M016,P0566,52.75,2025-01-15 18:00:00,failed
T001466,M011,P0188,351.0,2025-01-15 18:15:00,pending
T001467,M021,P0856,201.63,2025-01-15 18:30:00,failed
T001468,M012,P0125,24.52,2025-01-15 18:45:00,failed
T001469,M023,P0866,1.0,2025-01-15 19:00:00,completed
T001470,M024,P1200,512.68,2025-01-15 19:15:00,pending
T001471,M015,P0917,161.13,2025-01-15 19:30:00,pending
T001472,M017,P0547,533.51,2025-01-15 19:45:00,failed
T001473,M007,P0378,425.46,2025-01-15 20:00:00,pending
T001474,M020,P1048,547.13,2025-01-15 20:15:00,completed
T001475,M017,P0309,218.47,2025-01-15 20:30:00,failed
T001476,M022,P0579,346.79,2025-01-15 20:45:00,completed
T001477,M007,P0926,300.9,2025-01-15 21:00:00,failed
T001478,M019,P1107,363.12,2025-01-15 21:15:00,failed
T001479,M012,P1106,356.19,2025-01-15 21:30:00,completed
T001480,M005,P0106,494.32,2025-01-15 21:45:00,pending
T001481,M005,P1078,174.25,2025-01-15 22:00:00,completed
T001482,M014,P0137,296.85,2025-01-15 22:15:00,completed
T001483,M008,P0702,414.46,2025-01-15 22:30:00,completed
T001484,M003,P1116,510.36,2025-01-15 22:45:00,failed
T001485,M011,P0786,228.14,2025-01-15 23:00:00,pending
T001486,M016,P1137,263.93,2025-01-15 23:15:00,completed
T001487,M008,P0414,341.21,2025-01-15 23:30:00,completed
T001488,M023,P0378,300.08,2025-01-15 23:45:00,pending
T001489,M019,P0392,572.99,2025-01-16 00:00:00,pending
T001490,M013,P0427,424.78,2025-01-16 00:15:00,pending
T001491,M023,P0820,362.59,2025-01-16 00:30:00,pending
T001492,M011,P0543,226.6,2025-01-16 00:45:00,completed
T001493,M004,P0885,172.87,2025-01-16 01:00:00,failed
T001494,M001,P0500,367.95,2025-01-16 01:15:00,completed
T001495,M023,P0370,310.25,2025-01-16 01:30:00,failed
T001496,M024,P0229,584.85,2025-01-16 01:45:00,pending
T001497,M018,P0662,174.35,2025-01-16 02:00:00,pending
T001498,M003,P1079,91.48,2025-01-16 02:15:00,failed
T001499,M008,P1031,715.47,2025-01-16 02:30:00,pending
T001500,M001,P0304,436.36,2025-01-16 02:45:00,pending
T001501,M002,P0574,108.76,2025-01-16 03:00:00,completed
T001502,M006,P0847,441.66,2025-01-16 03:15:00,failed
T001503,M014,P0735,304.5,2025-01-16 03:30:00,completed
T001504,M002,P0081,766.13,2025-01-16 03:45:00,completed
T001505,M024,P0710,179.53,2025-01-16 04:00:00,pending
T001506,M011,P0047,192.0,2025-01-16 04:15:00,completed
T001507,M007,P0140,639.12,2025-01-16 04:30:00,pending
T001508,M013,P0785,325.6,2025-01-16 04:45:00,failed
T001509,M019,P0124,356.58,2025-01-16 05:00:00,failed
T001510,M008,P0407,510.2,2025-01-16 05:15:00,completed
T001511,M002,P0707,281.62,2025-01-16 05:30:00,completed
T001512,M002,P0787,459.58,2025-01-16 05:45:00,pending
T001513,M021,P0535,316.16,2025-01-16 06:00:00,pending
T001514,M003,P0113,351.9,2025-01-16 06:15:00,pending
T001515,M016,P0959,493.16,2025-01-16 06:30:00,failed
T001516,M010,P1140,455.39,2025-01-16 06:45:00,completed
T001517,M019,P1067,494.6,2025-01-16 07:00:00,completed
T001518,M002,P0899,222.6,2025-01-16 07:15:00,completed
T001519,M022,P0483,467.72,2025-01-16 07:30:00,pending
T001520,M017,P1052,93.93,2025-01-16 07:45:00,completed
T001521,M011,P0586,290.95,2025-01-16 08:00:00,completed
T001522,M005,P0164,258.12,2025-01-16 08:15:00,failed
T001523,M024,P1021,616.71,2025-01-16 08:30:00,pending
T001524,M008,P0385,597.17,2025-01-16 08:45:00,pending
T001525,M012,P1127,397.42,2025-01-16 09:00:00,failed
T001526,M010,P0443,181.41,2025-01-16 09:15:00,completed
T001527,M006,P1044,352.15,2025-01-16 09:30:00,failed
T001528,M010,P0645,103.92,2025-01-16 09:45:00,pending
T001529,M004,P0561,252.89,2025-01-16 10:00:00,pending
T001530,M001,P0357,424.43,2025-01-16 10:15:00,failed
T001531,M007,P1003,433.04,2025-01-16 10:30:00,completed
T001532,M003,P0073,434.4,2025-01-16 10:45:00,failed
T001533,M001,P0439,999.0,2025-01-16 11:00:00,completed
T001534,M001,P0439,2499.0,2025-01-16 11:00:00,completed
T001535,M001,P0439,2499.0,2025-01-16 11:00:00,pending
T001536,M001,P0439,2499.0,2025-01-16 11:00:00,completed
T001537,M001,P0439,999.0,2025-01-16 11:00:00,failed
T001538,M001,P0439,1999.0,2025-01-16 11:00:00,pending
T001539,M001,P0439,1499.0,2025-01-16 11:00:00,completed
T001540,M001,P0439,2499.0,2025-01-16 11:00:00,pending
T001541,M001,P0439,1999.0,2025-01-16 11:00:00,pending
T001542,M001,P0439,2499.0,2025-01-16 11:00:00,failed
T001543,M001,P0439,999.0,2025-01-16 11:00:00,failed
T001544,M001,P0439,1499.0,2025-01-16 11:00:00,pending
T001545,M001,P0439,2499.0,2025-01-16 11:00:00,failed
T001546,M001,P0439,1499.0,2025-01-16 11:00:00,failed
T001547,M001,P0439,1999.0,2025-01-16 11:00:00,failed
T001548,M001,P0439,1999.0,2025-01-16 11:00:00,failed
T001549,M010,P0563,317.23,2025-01-16 11:00:00,pending
T001550,M021,P0443,262.75,2025-01-16 11:15:00,failed
T001551,M004,P0653,544.22,2025-01-16 11:30:00,pending
T001552,M001,P0306,370.28,2025-01-16 11:45:00,pending
T001553,M003,P0798,635.35,2025-01-16 12:00:00,failed
T001554,M013,P0464,350.39,2025-01-16 12:15:00,pending
T001555,M007,P0226,115.28,2025-01-16 12:30:00,pending
T001556,M012,P0237,335.0,2025-01-16 12:45:00,pending
T001557,M001,P0836,358.39,2025-01-16 13:00:00,pending
T001558,M008,P0315,469.07,2025-01-16 13:15:00,failed
T001559,M010,P0369,192.39,2025-01-16 13:30:00,failed
T001560,M011,P0753,439.09,2025-01-16 13:45:00,pending
T001561,M014,P0396,237.66,2025-01-16 14:00:00,pending
T001562,M019,P0466,340.42,2025-01-16 14:15:00,pending
T001563,M012,P0294,83.56,2025-01-16 14:30:00,pending
T001564,M021,P0415,381.82,2025-01-16 14:45:00,completed
T001565,M013,P0832,187.07,2025-01-16 15:00:00,pending
T001566,M007,P0641,9.91,2025-01-16 15:15:00,completed
T001567,M006,P1198,152.1,2025-01-16 15:30:00,failed
T001568,M008,P0927,751.72,2025-01-16 15:45:00,failed
T001569,M015,P0021,480.75,2025-01-16 16:00:00,pending
T001570,M006,P0455,272.25,2025-01-16 16:15:00,pending
T001571,M022,P0348,177.83,2025-01-16 16:30:00,failed
T001572,M012,P0706,316.03,2025-01-16 16:45:00,completed
T001573,M021,P0319,730.81,2025-01-16 17:00:00,pending
T001574,M017,P1160,36.66,2025-01-16 17:15:00,failed
T001575,M009,P0360,230.13,2025-01-16 17:30:00,failed
T001576,M006,P0627,335.63,2025-01-16 17:45:00,failed
T001577,M018,P0148,339.14,2025-01-16 18:00:00,completed
T001578,M008,P1092,419.35,2025-01-16 18:15:00,pending
T001579,M006,P1095,156.1,2025-01-16 18:30:00,pending
T001580,M023,P0953,460.97,2025-01-16 18:45:00,completed
T001581,M012,P0422,349.72,2025-01-16 19:00:00,completed
T001582,M002,P0071,161.93,2025-01-16 19:15:00,failed
T001583,M012,P0854,369.17,2025-01-16 19:30:00,failed
T001584,M012,P0515,408.97,2025-01-16 19:45:00,completed
T001585,M021,P1189,452.64,2025-01-16 20:00:00,pending
T001586,M018,P0838,518.65,2025-01-16 20:15:00,completed
T001587,M005,P0647,362.83,2025-01-16 20:30:00,pending
T001588,M004,P1185,242.0,2025-01-16 20:45:00,pending
T001589,M015,P0961,310.47,2025-01-16 21:00:00,failed
T001590,M002,P0551,263.9,2025-01-16 21:15:00,completed
T001591,M008,P0023,181.57,2025-01-16 21:30:00,pending
T001592,M004,P0112,52.79,2025-01-16 21:45:00,failed
T001593,M001,P0533,307.71,2025-01-16 22:00:00,completed
T001594,M023,P0675,169.91,2025-01-16 22:15:00,pending
T001595,M003,P0037,279.1,2025-01-16 22:30:00,failed
T001596,M001,P0152,418.36,2025-01-16 22:45:00,failed
T001597,M023,P0846,483.24,2025-01-16 23:00:00,pending
T001598,M005,P0902,271.34,2025-01-16 23:15:00,failed
T001599,M020,P0036,446.74,2025-01-16 23:30:00,pending
T001600,M001,P0610,209.11,2025-01-16 23:45:00,failed
T001601,M004,P0098,565.37,2025-01-17 00:00:00,pending
T001602,M003,P0869,458.28,2025-01-17 00:15:00,failed
T001603,M017,P1001,516.62,2025-01-17 00:30:00,pending
T001604,M015,P1044,593.69,2025-01-17 00:45:00,pending
T001605,M012,P0718,420.57,2025-01-17 01:00:00,pending
T001606,M006,P0755,419.69,2025-01-17 01:15:00,completed
T001607,M003,P1112,358.81,2025-01-17 01:30:00,failed
T001608,M014,P0735,416.09,2025-01-17 01:45:00,failed
T001609,M006,P0536,293.89,2025-01-17 02:00:00,completed
T001610,M015,P0906,64.44,2025-01-17 02:15:00,pending
T001611,M017,P0710,252.52,2025-01-17 02:30:00,failed
T001612,M021,P1011,237.31,2025-01-17 02:45:00,failed
T001613,M012,P0630,307.04,2025-01-17 03:00:00,completed
T001614,M001,P1043,410.45,2025-01-17 03:15:00,completed
T001615,M007,P0054,217.47,2025-01-17 03:30:00,failed
T001616,M021,P0044,502.8,2025-01-17 03:45:00,pending
T001617,M013,P0119,224.22,2025-01-17 04:00:00,failed
T001618,M015,P0668,498.0,2025-01-17 04:15:00,pending
T001619,M011,P0851,539.89,2025-01-17 04:30:00,failed
T001620,M004,P0260,933.43,2025-01-17 04:45:00,completed
T001621,M022,P0187,539.82,2025-01-17 05:00:00,completed
T001622,M019,P1033,192.33,2025-01-17 05:15:00,failed
T001623,M024,P0901,332.53,2025-01-17 05:30:00,pending
T001624,M021,P0779,657.72,2025-01-17 05:45:00,pending
T001625,M007,P0587,616.1,2025-01-17 06:00:00,completed
T001626,M007,P0505,123.98,2025-01-17 06:15:00,completed
T001627,M006,P0025,437.69,2025-01-17 06:30:00,pending
T001628,M023,P0226,82.26,2025-01-17 06:45:00,completed
T001629,M014,P1077,393.05,2025-01-17 07:00:00,failed
T001630,M011,P0407,512.61,2025-01-17 07:15:00,completed
T001631,M024,P0846,439.48,2025-01-17 07:30:00,completed
T001632,M015,P0845,172.76,2025-01-17 07:45:00,pending
T001633,M022,P0372,331.1,2025-01-17 08:00:00,pending
T001634,M024,P0246,1.0,2025-01-17 08:15:00,pending
T001635,M002,P0831,483.32,2025-01-17 08:30:00,failed
T001636,M009,P0113,507.05,2025-01-17 08:45:00,failed
T001637,M018,P0594,549.5,2025-01-17 09:00:00,failed
T001638,M020,P1066,456.26,2025-01-17 09:15:00,pending
T001639,M004,P0854,230.99,2025-01-17 09:30:00,completed
T001640,M008,P0918,372.2,2025-01-17 09:45:00,completed
T001641,M014,P0100,265.24,2025-01-17 10:00:00,completed
T001642,M020,P0240,705.56,2025-01-17 10:15:00,failed
T001643,M003,P0331,75.35,2025-01-17 10:30:00,completed
T001644,M015,P0351,170.93,2025-01-17 10:45:00,completed
T001645,M008,P0233,513.49,2025-01-17 11:00:00,pending
T001646,M006,P1167,418.28,2025-01-17 11:15:00,completed
T001647,M013,P0198,179.92,2025-01-17 11:30:00,failed
T001648,M010,P0850,516.91,2025-01-17 11:45:00,completed
T001649,M016,P0705,668.74,2025-01-17 12:00:00,failed
T001650,M008,P0733,188.46,2025-01-17 12:15:00,completed
T001651,M020,P0258,411.01,2025-01-17 12:30:00,completed
T001652,M002,P0370,368.44,2025-01-17 12:45:00,failed
T001653,M021,P0728,613.13,2025-01-17 13:00:00,pending
T001654,M001,P0359,342.42,2025-01-17 13:15:00,pending
T001655,M018,P0833,461.52,2025-01-17 13:30:00,completed
T001656,M009,P0048,212.05,2025-01-17 13:45:00,failed
T001657,M010,P0088,204.29,2025-01-17 14:00:00,failed
T001658,M001,P0875,564.48,2025-01-17 14:15:00,pending
T001659,M017,P0741,622.19,2025-01-17 14:30:00,completed
T001660,M004,P0052,374.23,2025-01-17 14:45:00,failed
T001661,M016,P1079,293.98,2025-01-17 15:00:00,failed
T001662,M018,P0006,478.35,2025-01-17 15:15:00,pending
T001663,M021,P1147,173.16,2025-01-17 15:30:00,failed
T001664,M017,P0876,438.55,2025-01-17 15:45:00,completed
T001665,M008,P1186,318.09,2025-01-17 16:00:00,completed
T001666,M018,P1139,543.06,2025-01-17 16:15:00,completed
T001667,M020,P0376,486.63,2025-01-17 16:30:00,completed
T001668,M008,P0908,2.32,2025-01-17 16:45:00,pending
T001669,M003,P0254,395.61,2025-01-17 17:00:00,completed
T001670,M022,P0566,75.21,2025-01-17 17:15:00,pending
T001671,M004,P0289,232.12,2025-01-17 17:30:00,failed
T001672,M015,P0584,353.91,2025-01-17 17:45:00,failed
T001673,M006,P1047,643.01,2025-01-17 18:00:00,failed
T001674,M004,P0524,203.43,2025-01-17 18:15:00,pending
T001675,M019,P0111,444.78,2025-01-17 18:30:00,failed
T001676,M004,P0390,419.77,2025-01-17 18:45:00,failed
T001677,M017,P0944,421.82,2025-01-17 19:00:00,failed
T001678,M017,P0627,653.76,2025-01-17 19:15:00,completed
T001679,M002,P0673,548.44,2025-01-17 19:30:00,failed
T001680,M005,P0518,493.23,2025-01-17 19:45:00,completed
T001681,M020,P0352,510.63,2025-01-17 20:00:00,completed
T001682,M013,P0718,553.66,2025-01-17 20:15:00,completed
T001683,M003,P0760,383.85,2025-01-17 20:30:00,failed
T001684,M024,P1078,371.82,2025-01-17 20:45:00,completed
T001685,M007,P0742,1.0,2025-01-17 21:00:00,failed
T001686,M001,P1195,229.71,2025-01-17 21:15:00,failed
T001687,M023,P0992,136.44,2025-01-17 21:30:00,pending
T001688,M001,P0095,440.76,2025-01-17 21:45:00,completed
T001689,M014,P0471,344.63,2025-01-17 22:00:00,pending
T001690,M024,P0462,403.31,2025-01-17 22:15:00,completed
T001691,M014,P0004,528.46,2025-01-17 22:30:00,failed
T001692,M015,P0217,314.08,2025-01-17 22:45:00,pending
T001693,M010,P0915,349.13,2025-01-17 23:00:00,failed
T001694,M004,P0423,1.52,2025-01-17 23:15:00,failed
T001695,M014,P0178,339.64,2025-01-17 23:30:00,completed
T001696,M022,P0345,325.91,2025-01-17 23:45:00,pending
T001697,M003,P0330,259.71,2025-01-18 00:00:00,failed
T001698,M022,P0210,696.25,2025-01-18 00:15:00,failed
T001699,M010,P0122,291.69,2025-01-18 00:30:00,pending
T001700,M013,P0917,709.05,2025-01-18 00:45:00,failed
T001701,M004,P0990,251.0,2025-01-18 01:00:00,failed
T001702,M015,P0596,350.96,2025-01-18 01:15:00,pending
T001703,M005,P0739,670.74,2025-01-18 01:30:00,completed
T001704,M007,P1104,405.28,2025-01-18 01:45:00,completed
T001705,M018,P1012,338.19,2025-01-18 02:00:00,pending
T001706,M002,P0040,363.64,2025-01-18 02:15:00,completed
T001707,M011,P1144,511.53,2025-01-18 02:30:00,failed
T001708,M015,P0081,293.01,2025-01-18 02:45:00,failed
T001709,M004,P0032,304.86,2025-01-18 03:00:00,pending
T001710,M008,P0484,570.53,2025-01-18 03:15:00,pending
T001711,M009,P0896,229.91,2025-01-18 03:30:00,failed
T001712,M016,P0097,418.28,2025-01-18 03:45:00,failed
T001713,M024,P0352,624.96,2025-01-18 04:00:00,failed
T001714,M021,P0316,124.67,2025-01-18 04:15:00,completed
T001715,M005,P0477,302.47,2025-01-18 04:30:00,failed
T001716,M001,P1184,301.85,2025-01-18 04:45:00,completed
T001717,M002,P0398,638.79,2025-01-18 05:00:00,failed
T001718,M015,P0251,58.6,2025-01-18 05:15:00,failed
T001719,M004,P0147,200.86,2025-01-18 05:30:00,completed
T001720,M006,P0238,461.74,2025-01-18 05:45:00,completed
T001721,M021,P0160,428.74,2025-01-18 06:00:00,completed
T001722,M021,P0689,455.29,2025-01-18 06:15:00,completed
T001723,M021,P0505,561.62,2025-01-18 06:30:00,pending
T001724,M007,P0598,563.9,2025-01-18 06:45:00,failed
T001725,M015,P0999,293.82,2025-01-18 07:00:00,pending
T001726,M015,P0697,111.78,2025-01-18 07:15:00,failed
T001727,M005,P0187,350.89,2025-01-18 07:30:00,failed
T001728,M014,P0453,558.04,2025-01-18 07:45:00,completed
T001729,M013,P0376,64.65,2025-01-18 08:00:00,pending
T001730,M010,P0993,154.66,2025-01-18 08:15:00,completed
T001731,M019,P0369,440.99,2025-01-18 08:30:00,completed
T001732,M017,P0167,581.69,2025-01-18 08:45:00,failed
T001733,M013,P0884,253.69,2025-01-18 09:00:00,failed
T001734,M018,P0515,594.96,2025-01-18 09:15:00,completed
T001735,M019,P0116,54.22,2025-01-18 09:30:00,pending
T001736,M014,P0828,522.53,2025-01-18 09:45:00,pending
T001737,M007,P0253,303.43,2025-01-18 10:00:00,pending
T001738,M019,P1042,519.73,2025-01-18 10:15:00,completed
T001739,M018,P0999,134.09,2025-01-18 10:30:00,completed
T001740,M024,P0444,342.78,2025-01-18 10:45:00,failed
T001741,M004,P0667,478.8,2025-01-18 11:00:00,failed
T001742,M011,P0682,226.77,2025-01-18 11:15:00,completed
T001743,M023,P0785,367.8,2025-01-18 11:30:00,completed
T001744,M013,P0083,761.74,2025-01-18 11:45:00,pending
T001745,M023,P0390,78.65,2025-01-18 12:00:00,completed
T001746,M001,P0205,154.42,2025-01-18 12:15:00,completed
T001747,M001,P0837,533.39,2025-01-18 12:30:00,failed
T001748,M020,P0083,228.56,2025-01-18 12:45:00,failed
T001749,M009,P0621,243.93,2025-01-18 13:00:00,failed
T001750,M013,P0874,408.18,2025-01-18 13:15:00,pending
T001751,M011,P1139,437.07,2025-01-18 13:30:00,pending
T001752,M010,P0346,110.62,2025-01-18 13:45:00,failed
T001753,M023,P0010,481.0,2025-01-18 14:00:00,completed
T001754,M003,P0869,559.11,2025-01-18 14:15:00,completed
T001755,M019,P0002,222.61,2025-01-18 14:30:00,completed
T001756,M022,P0080,343.88,2025-01-18 14:45:00,pending
T001757,M016,P1189,583.27,2025-01-18 15:00:00,failed
T001758,M010,P1036,314.06,2025-01-18 15:15:00,failed
T001759,M004,P0850,193.34,2025-01-18 15:30:00,pending
T001760,M017,P1003,164.67,2025-01-18 15:45:00,pending
T001761,M012,P0091,219.43,2025-01-18 16:00:00,completed
T001762,M004,P0107,15.92,2025-01-18 16:15:00,completed
T001763,M009,P0361,579.43,2025-01-18 16:30:00,failed
T001764,M024,P0029,511.86,2025-01-18 16:45:00,failed
T001765,M007,P1066,450.46,2025-01-18 17:00:00,failed
T001766,M005,P0068,158.63,2025-01-18 17:15:00,completed
T001767,M017,P0653,324.79,2025-01-18 17:30:00,pending
T001768,M005,P1025,437.51,2025-01-18 17:45:00,pending
T001769,M023,P0882,495.22,2025-01-18 18:00:00,failed
T001770,M021,P0282,416.92,2025-01-18 18:15:00,failed
T001771,M024,P0565,516.42,2025-01-18 18:30:00,completed
T001772,M021,P1017,1499.0,2025-01-18 18:45:00,completed
T001773,M021,P1017,1999.0,2025-01-18 18:45:00,failed
T001774,M021,P1017,999.0,2025-01-18 18:45:00,pending
T001775,M021,P1017,999.0,2025-01-18 18:45:00,pending
T001776,M021,P1017,1499.0,2025-01-18 18:45:00,failed
T001777,M021,P1017,999.0,2025-01-18 18:45:00,completed
T001778,M021,P1017,2499.0,2025-01-18 18:45:00,failed
T001779,M021,P1017,2499.0,2025-01-18 18:45:00,pending
T001780,M021,P1017,999.0,2025-01-18 18:45:00,failed
T001781,M021,P1017,2499.0,2025-01-18 18:45:00,failed
T001782,M021,P1017,1999.0,2025-01-18 18:45:00,failed
T001783,M021,P1017,1999.0,2025-01-18 18:45:00,pending
T001784,M021,P1017,2499.0,2025-01-18 18:45:00,failed
T001785,M021,P1017,1999.0,2025-01-18 18:45:00,failed
T001786,M021,P1017,999.0,2025-01-18 18:45:00,pending
T001787,M021,P1017,999.0,2025-01-18 18:45:00,pending
T001788,M022,P0658,263.91,2025-01-18 18:45:00,pending
T001789,M006,P0922,435.26,2025-01-18 19:00:00,failed
T001790,M006,P0512,398.45,2025-01-18 19:15:00,failed
T001791,M009,P0343,158.99,2025-01-18 19:30:00,failed
T001792,M012,P0955,464.37,2025-01-18 19:45:00,failed
T001793,M022,P1064,509.6,2025-01-18 20:00:00,failed
T001794,M018,P0587,470.71,2025-01-18 20:15:00,pending
T001795,M016,P0034,254.11,2025-01-18 20:30:00,failed
T001796,M022,P0601,605.05,2025-01-18 20:45:00,failed
T001797,M016,P1068,495.35,2025-01-18 21:00:00,completed
T001798,M010,P1187,693.58,2025-01-18 21:15:00,pending
T001799,M010,P0482,223.3,2025-01-18 21:30:00,failed
T001800,M013,P0181,220.02,2025-01-18 21:45:00,failed
T001801,M003,P0687,304.19,2025-01-18 22:00:00,completed
T001802,M018,P0997,312.66,2025-01-18 22:15:00,failed
T001803,M016,P1135,251.98,2025-01-18 22:30:00,failed
T001804,M018,P0063,413.44,2025-01-18 22:45:00,pending
T001805,M013,P0349,241.87,2025-01-18 23:00:00,failed
T001806,M019,P0574,480.19,2025-01-18 23:15:00,completed
T001807,M023,P0118,211.66,2025-01-18 23:30:00,pending
T001808,M014,P1064,1.0,2025-01-18 23:45:00,failed
T001809,M011,P0135,153.68,2025-01-19 00:00:00,failed
T001810,M003,P0799,363.35,2025-01-19 00:15:00,pending
T001811,M019,P1103,179.83,2025-01-19 00:30:00,failed
T001812,M022,P0823,129.44,2025-01-19 00:45:00,completed
T001813,M017,P0916,380.8,2025-01-19 01:00:00,completed
T001814,M021,P0316,422.43,2025-01-19 01:15:00,pending
T001815,M021,P0993,352.23,2025-01-19 01:30:00,completed
T001816,M020,P0503,584.79,2025-01-19 01:45:00,failed
T001817,M013,P0074,72.61,2025-01-19 02:00:00,pending
T001818,M003,P0440,276.68,2025-01-19 02:15:00,completed
T001819,M001,P0420,277.41,2025-01-19 02:30:00,pending
T001820,M005,P0626,606.6,2025-01-19 02:45:00,pending
T001821,M011,P0318,496.18,2025-01-19 03:00:00,completed
T001822,M018,P0555,472.11,2025-01-19 03:15:00,failed
T001823,M011,P0514,465.25,2025-01-19 03:30:00,pending
T001824,M001,P0393,502.8,2025-01-19 03:45:00,pending
T001825,M006,P0836,321.13,2025-01-19 04:00:00,pending
T001826,M024,P0367,431.94,2025-01-19 04:15:00,pending
T001827,M024,P0919,389.05,2025-01-19 04:30:00,completed
T001828,M010,P0302,343.26,2025-01-19 04:45:00,failed
T001829,M020,P1038,220.56,2025-01-19 05:00:00,pending
T001830,M018,P0439,342.18,2025-01-19 05:15:00,pending
T001831,M023,P0049,379.96,2025-01-19 05:30:00,failed
T001832,M022,P0180,142.17,2025-01-19 05:45:00,failed
T001833,M016,P0968,189.03,2025-01-19 06:00:00,failed
T001834,M010,P1047,451.65,2025-01-19 06:15:00,pending
T001835,M016,P0255,131.8,2025-01-19 06:30:00,completed
T001836,M008,P0723,416.78,2025-01-19 06:45:00,failed
T001837,M009,P0690,458.42,2025-01-19 07:00:00,pending
T001838,M015,P0161,338.27,2025-01-19 07:15:00,failed
T001839,M014,P0543,650.65,2025-01-19 07:30:00,pending
T001840,M014,P0833,527.72,2025-01-19 07:45:00,pending
T001841,M010,P1161,410.75,2025-01-19 08:00:00,pending
T001842,M010,P1018,479.35,2025-01-19 08:15:00,failed
T001843,M001,P0118,321.56,2025-01-19 08:30:00,pending
T001844,M015,P0286,236.09,2025-01-19 08:45:00,completed
T001845,M014,P0525,318.87,2025-01-19 09:00:00,completed
T001846,M023,P0181,394.33,2025-01-19 09:15:00,pending
T001847,M013,P0685,438.87,2025-01-19 09:30:00,completed
T001848,M012,P0011,108.21,2025-01-19 09:45:00,failed
T001849,M002,P0137,642.46,2025-01-19 10:00:00,completed
T001850,M005,P0057,430.54,2025-01-19 10:15:00,completed
T001851,M009,P0355,111.68,2025-01-19 10:30:00,failed
T001852,M010,P0915,441.64,2025-01-19 10:45:00,completed
T001853,M009,P0213,591.4,2025-01-19 11:00:00,pending
T001854,M010,P1185,327.62,2025-01-19 11:15:00,completed
T001855,M019,P0324,385.27,2025-01-19 11:30:00,completed
T001856,M004,P0054,288.15,2025-01-19 11:45:00,failed
T001857,M008,P0403,68.51,2025-01-19 12:00:00,pending
T001858,M004,P0898,552.46,2025-01-19 12:15:00,completed
T001859,M008,P0128,335.13,2025-01-19 12:30:00,pending
T001860,M017,P0087,264.59,2025-01-19 12:45:00,failed
T001861,M002,P1020,197.76,2025-01-19 13:00:00,failed
T001862,M009,P0711,419.75,2025-01-19 13:15:00,completed
T001863,M001,P0412,438.27,2025-01-19 13:30:00,completed
T001864,M023,P0908,160.13,2025-01-19 13:45:00,pending
T001865,M018,P1014,250.64,2025-01-19 14:00:00,pending
T001866,M006,P0432,248.42,2025-01-19 14:15:00,pending
T001867,M005,P0674,490.96,2025-01-19 14:30:00,pending
T001868,M003,P0014,171.34,2025-01-19 14:45:00,pending
T001869,M012,P0368,361.84,2025-01-19 15:00:00,pending
T001870,M019,P0715,518.24,2025-01-19 15:15:00,failed
T001871,M015,P0237,420.77,2025-01-19 15:30:00,completed
T001872,M022,P1190,407.65,2025-01-19 15:45:00,completed
T001873,M009,P1166,316.12,2025-01-19 16:00:00,completed
T001874,M007,P0310,401.99,2025-01-19 16:15:00,pending
T001875,M012,P0476,290.04,2025-01-19 16:30:00,failed
T001876,M005,P0228,591.59,2025-01-19 16:45:00,pending
T001877,M024,P0605,463.91,2025-01-19 17:00:00,completed
T001878,M005,P0149,334.17,2025-01-19 17:15:00,pending
T001879,M012,P0470,123.0,2025-01-19 17:30:00,completed
T001880,M013,P0667,368.25,2025-01-19 17:45:00,failed
T001881,M002,P0735,391.3,2025-01-19 18:00:00,failed
T001882,M012,P0716,515.84,2025-01-19 18:15:00,pending
T001883,M011,P0266,225.41,2025-01-19 18:30:00,pending
T001884,M007,P0951,611.15,2025-01-19 18:45:00,pending
T001885,M004,P0831,488.78,2025-01-19 19:00:00,completed
T001886,M002,P0904,330.7,2025-01-19 19:15:00,completed
T001887,M001,P0562,331.51,2025-01-19 19:30:00,completed
T001888,M012,P1072,435.08,2025-01-19 19:45:00,pending
T001889,M003,P0468,806.3,2025-01-19 20:00:00,completed
T001890,M024,P0967,469.27,2025-01-19 20:15:00,completed
T001891,M006,P0245,46.43,2025-01-19 20:30:00,completed
T001892,M016,P0297,571.19,2025-01-19 20:45:00,completed
T001893,M017,P0633,422.42,2025-01-19 21:00:00,failed
T001894,M012,P0668,525.52,2025-01-19 21:15:00,pending
T001895,M022,P0896,30.2,2025-01-19 21:30:00,pending
T001896,M003,P0357,695.27,2025-01-19 21:45:00,failed
T001897,M006,P1048,1.0,2025-01-19 22:00:00,failed
T001898,M007,P0396,1.0,2025-01-19 22:15:00,failed
T001899,M004,P0642,518.84,2025-01-19 22:30:00,completed
T001900,M008,P1119,1.0,2025-01-19 22:45:00,pending
T001901,M008,P0648,430.3,2025-01-19 23:00:00,completed
T001902,M019,P0819,415.5,2025-01-19 23:15:00,completed
T001903,M008,P1091,455.27,2025-01-19 23:30:00,pending
T001904,M022,P1170,14.95,2025-01-19 23:45:00,failed
T001905,M019,P0600,474.54,2025-01-20 00:00:00,failed
T001906,M022,P0501,553.32,2025-01-20 00:15:00,pending
T001907,M003,P0237,1.0,2025-01-20 00:30:00,completed
T001908,M024,P0645,197.73,2025-01-20 00:45:00,pending
T001909,M015,P1103,63.26,2025-01-20 01:00:00,pending
T001910,M024,P0585,420.81,2025-01-20 01:15:00,pending
T001911,M009,P0419,92.55,2025-01-20 01:30:00,pending
T001912,M023,P0129,458.2,2025-01-20 01:45:00,failed
T001913,M015,P0468,251.33,2025-01-20 02:00:00,failed
T001914,M002,P0285,1.0,2025-01-20 02:15:00,completed
T001915,M010,P1173,290.19,2025-01-20 02:30:00,completed
T001916,M004,P0634,380.37,2025-01-20 02:45:00,failed
T001917,M023,P0165,418.2,2025-01-20 03:00:00,failed
T001918,M008,P0081,302.42,2025-01-20 03:15:00,failed
T001919,M006,P1021,401.52,2025-01-20 03:30:00,pending
T001920,M014,P1118,332.81,2025-01-20 03:45:00,failed
T001921,M011,P0916,407.17,2025-01-20 04:00:00,failed
T001922,M003,P0149,233.58,2025-01-20 04:15:00,failed
T001923,M020,P0118,444.12,2025-01-20 04:30:00,pending
T001924,M021,P0238,419.51,2025-01-20 04:45:00,pending
T001925,M018,P0902,355.09,2025-01-20 05:00:00,pending
T001926,M015,P0919,290.93,2025-01-20 05:15:00,failed
T001927,M010,P1006,258.54,2025-01-20 05:30:00,failed
T001928,M014,P0117,418.92,2025-01-20 05:45:00,pending
T001929,M013,P0184,391.68,2025-01-20 06:00:00,completed
T001930,M004,P1081,254.34,2025-01-20 06:15:00,completed
T001931,M002,P1115,691.17,2025-01-20 06:30:00,completed
T001932,M007,P0871,192.48,2025-01-20 06:45:00,failed
T001933,M011,P0128,171.14,2025-01-20 07:00:00,failed
T001934,M004,P0083,625.87,2025-01-20 07:15:00,pending
T001935,M003,P0067,596.79,2025-01-20 07:30:00,failed
T001936,M021,P0831,188.7,2025-01-20 07:45:00,completed
T001937,M009,P1016,676.03,2025-01-20 08:00:00,failed
T001938,M015,P0758,301.58,2025-01-20 08:15:00,failed
T001939,M013,P0315,608.71,2025-01-20 08:30:00,pending
T001940,M018,P0909,746.2,2025-01-20 08:45:00,completed
T001941,M018,P0071,394.77,2025-01-20 09:00:00,failed
T001942,M008,P0994,239.88,2025-01-20 09:15:00,failed
T001943,M021,P1071,17.54,2025-01-20 09:30:00,pending
T001944,M009,P0863,556.03,2025-01-20 09:45:00,failed
T001945,M021,P1056,457.79,2025-01-20 10:00:00,completed
T001946,M010,P0704,170.91,2025-01-20 10:15:00,failed
T001947,M003,P0563,390.84,2025-01-20 10:30:00,failed
T001948,M019,P0387,427.53,2025-01-20 10:45:00,failed
T001949,M001,P1107,380.01,2025-01-20 11:00:00,pending
T001950,M019,P0837,506.09,2025-01-20 11:15:00,pending
T001951,M002,P0229,1.0,2025-01-20 11:30:00,pending
T001952,M005,P1149,812.66,2025-01-20 11:45:00,pending
T001953,M015,P0072,78.49,2025-01-20 12:00:00,completed
T001954,M023,P0706,348.58,2025-01-20 12:15:00,completed
T001955,M010,P0229,266.74,2025-01-20 12:30:00,failed
T001956,M003,P0798,435.04,2025-01-20 12:45:00,pending
T001957,M006,P0496,377.41,2025-01-20 13:00:00,failed
T001958,M022,P0525,353.02,2025-01-20 13:15:00,failed
T001959,M018,P0806,922.38,2025-01-20 13:30:00,failed
T001960,M003,P0908,385.15,2025-01-20 13:45:00,completed
T001961,M010,P0457,42.12,2025-01-20 14:00:00,pending
T001962,M007,P1198,556.53,2025-01-20 14:15:00,pending
T001963,M005,P0599,109.62,2025-01-20 14:30:00,failed
T001964,M021,P0193,355.82,2025-01-20 14:45:00,pending
T001965,M015,P0008,596.73,2025-01-20 15:00:00,failed
T001966,M005,P0243,289.5,2025-01-20 15:15:00,failed
T001967,M016,P0830,15.47,2025-01-20 15:30:00,failed
T001968,M010,P0648,469.03,2025-01-20 15:45:00,completed
T001969,M002,P0406,29.29,2025-01-20 16:00:00,failed
T001970,M011,P0578,487.83,2025-01-20 16:15:00,failed
T001971,M005,P1006,553.82,2025-01-20 16:30:00,pending
T001972,M006,P0686,467.66,2025-01-20 16:45:00,completed
T001973,M022,P0070,443.73,2025-01-20 17:00:00,failed
T001974,M018,P0059,22.62,2025-01-20 17:15:00,pending
T001975,M004,P0579,79.81,2025-01-20 17:30:00,failed
T001976,M021,P0486,326.63,2025-01-20 17:45:00,completed
T001977,M014,P1021,419.86,2025-01-20 18:00:00,pending
T001978,M021,P0700,551.08,2025-01-20 18:15:00,pending
T001979,M018,P0909,556.73,2025-01-20 18:30:00,pending
T001980,M009,P0703,392.94,2025-01-20 18:45:00,failed
T001981,M013,P0415,197.39,2025-01-20 19:00:00,failed
T001982,M013,P0789,407.92,2025-01-20 19:15:00,completed
T001983,M018,P0746,1.0,2025-01-20 19:30:00,completed
T001984,M006,P0865,451.95,2025-01-20 19:45:00,pending
T001985,M008,P0228,242.77,2025-01-20 20:00:00,completed
T001986,M006,P0770,287.46,2025-01-20 20:15:00,pending
T001987,M008,P0343,373.85,2025-01-20 20:30:00,pending
T001988,M004,P0949,647.36,2025-01-20 20:45:00,pending
T001989,M001,P0959,331.1,2025-01-20 21:00:00,failed
T001990,M023,P0750,566.68,2025-01-20 21:15:00,failed
T001991,M002,P1137,455.33,2025-01-20 21:30:00,pending
T001992,M022,P0646,549.87,2025-01-20 21:45:00,completed
T001993,M001,P0031,806.93,2025-01-20 22:00:00,failed
T001994,M019,P0728,371.02,2025-01-20 22:15:00,failed
T001995,M008,P0934,380.71,2025-01-20 22:30:00,failed
T001996,M013,P0122,242.14,2025-01-20 22:45:00,failed
T001997,M007,P0126,299.9,2025-01-20 23:00:00,pending
T001998,M012,P0328,136.9,2025-01-20 23:15:00,pending
T001999,M011,P1014,256.8,2025-01-20 23:30:00,pending
T002000,M013,P0633,668.43,2025-01-20 23:45:00,completed
T002001,M010,P1172,446.48,2025-01-21 00:00:00,completed
T002002,M013,P1048,218.96,2025-01-21 00:15:00,failed
T002003,M020,P0666,597.45,2025-01-21 00:30:00,pending
T002004,M011,P0815,355.07,2025-01-21 00:45:00,pending
T002005,M009,P0398,270.35,2025-01-21 01:00:00,completed
T002006,M004,P0109,171.2,2025-01-21 01:15:00,pending
T002007,M009,P0479,420.57,2025-01-21 01:30:00,failed
T002008,M004,P0711,305.15,2025-01-21 01:45:00,completed
T002009,M005,P0219,386.96,2025-01-21 02:00:00,completed
T002010,M023,P0267,423.87,2025-01-21 02:15:00,completed
T002011,M003,P0018,265.4,2025-01-21 02:30:00,pending
T002012,M012,P0881,476.19,2025-01-21 02:45:00,pending
T002013,M021,P1080,551.21,2025-01-21 03:00:00,pending
T002014,M023,P0993,282.1,2025-01-21 03:15:00,completed
T002015,M004,P0456,176.92,2025-01-21 03:30:00,failed
T002016,M004,P0713,248.77,2025-01-21 03:45:00,completed
T002017,M009,P1153,168.01,2025-01-21 04:00:00,failed
T002018,M014,P0710,433.97,2025-01-21 04:15:00,failed
T002019,M024,P0356,453.03,2025-01-21 04:30:00,completed
T002020,M005,P0407,488.79,2025-01-21 04:45:00,failed
T002021,M004,P0873,275.64,2025-01-21 05:00:00,failed
T002022,M007,P0536,301.57,2025-01-21 05:15:00,failed
T002023,M021,P1005,428.92,2025-01-21 05:30:00,completed
T002024,M001,P1037,281.12,2025-01-21 05:45:00,completed
T002025,M010,P0044,110.73,2025-01-21 06:00:00,pending
T002026,M003,P0868,313.23,2025-01-21 06:15:00,completed
T002027,M004,P0444,9.73,2025-01-21 06:30:00,completed
T002028,M023,P0624,523.76,2025-01-21 06:45:00,completed
T002029,M001,P0318,805.1,2025-01-21 07:00:00,completed
T002030,M008,P0442,253.03,2025-01-21 07:15:00,pending
T002031,M022,P0397,150.3,2025-01-21 07:30:00,failed
T002032,M015,P0061,386.42,2025-01-21 07:45:00,pending
T002033,M002,P0940,203.97,2025-01-21 08:00:00,pending
T002034,M012,P0172,1.0,2025-01-21 08:15:00,failed
T002035,M024,P0451,516.75,2025-01-21 08:30:00,pending
T002036,M010,P0232,343.76,2025-01-21 08:45:00,completed
T002037,M013,P0193,93.2,2025-01-21 09:00:00,pending
T002038,M013,P0449,299.67,2025-01-21 09:15:00,completed
T002039,M016,P1103,347.97,2025-01-21 09:30:00,completed
T002040,M005,P1133,609.03,2025-01-21 09:45:00,failed
T002041,M021,P0459,481.89,2025-01-21 10:00:00,failed
T002042,M024,P0607,610.3,2025-01-21 10:15:00,pending
T002043,M004,P1183,452.55,2025-01-21 10:30:00,failed
T002044,M020,P0282,531.64,2025-01-21 10:45:00,failed
T002045,M020,P1134,543.14,2025-01-21 11:00:00,failed
T002046,M018,P0127,88.17,2025-01-21 11:15:00,completed
T002047,M009,P0272,198.54,2025-01-21 11:30:00,failed
T002048,M012,P0406,490.33,2025-01-21 11:45:00,pending
T002049,M021,P0045,346.16,2025-01-21 12:00:00,pending
T002050,M004,P0979,586.74,2025-01-21 12:15:00,failed
T002051,M020,P1027,565.85,2025-01-21 12:30:00,failed
T002052,M023,P0461,163.34,2025-01-21 12:45:00,pending
T002053,M017,P1004,436.87,2025-01-21 13:00:00,failed
T002054,M009,P0928,53.17,2025-01-21 13:15:00,completed
T002055,M014,P0962,298.26,2025-01-21 13:30:00,pending
T002056,M002,P0964,432.93,2025-01-21 13:45:00,pending
T002057,M023,P0689,713.21,2025-01-21 14:00:00,failed
T002058,M009,P0133,790.6,2025-01-21 14:15:00,pending
T002059,M002,P1109,381.95,2025-01-21 14:30:00,completed
T002060,M020,P0731,119.71,2025-01-21 14:45:00,failed
T002061,M016,P1082,549.9,2025-01-21 15:00:00,pending
T002062,M015,P1151,233.53,2025-01-21 15:15:00,completed
T002063,M002,P0225,580.62,2025-01-21 15:30:00,pending
T002064,M019,P0483,553.77,2025-01-21 15:45:00,pending
T002065,M016,P0231,284.81,2025-01-21 16:00:00,pending
T002066,M020,P0062,339.23,2025-01-21 16:15:00,completed
T002067,M020,P1160,490.85,2025-01-21 16:30:00,completed
T002068,M006,P1108,416.27,2025-01-21 16:45:00,pending
T002069,M006,P1119,705.48,2025-01-21 17:00:00,failed
T002070,M023,P1061,307.74,2025-01-21 17:15:00,pending
T002071,M013,P0779,499.17,2025-01-21 17:30:00,completed
T002072,M011,P0627,709.69,2025-01-21 17:45:00,failed
T002073,M007,P1190,563.64,2025-01-21 18:00:00,failed
T002074,M016,P0663,311.0,2025-01-21 18:15:00,pending
T002075,M019,P0771,453.69,2025-01-21 18:30:00,pending
T002076,M001,P0255,428.08,2025-01-21 18:45:00,completed
T002077,M014,P0897,431.82,2025-01-21 19:00:00,pending
T002078,M024,P0984,290.98,2025-01-21 19:15:00,completed
T002079,M007,P0815,320.82,2025-01-21 19:30:00,pending
T002080,M007,P0599,659.26,2025-01-21 19:45:00,failed
T002081,M022,P0238,306.85,2025-01-21 20:00:00,failed
T002082,M002,P0041,194.23,2025-01-21 20:15:00,failed
T002083,M010,P0753,478.99,2025-01-21 20:30:00,completed
T002084,M011,P0820,642.41,2025-01-21 20:45:00,pending
T002085,M020,P0928,386.61,2025-01-21 21:00:00,failed
T002086,M004,P1141,322.36,2025-01-21 21:15:00,completed
T002087,M011,P0597,445.04,2025-01-21 21:30:00,completed
T002088,M004,P0995,360.49,2025-01-21 21:45:00,pending
T002089,M019,P0860,374.8,2025-01-21 22:00:00,pending
T002090,M016,P0333,297.05,2025-01-21 22:15:00,failed
T002091,M012,P1015,306.35,2025-01-21 22:30:00,pending
T002092,M010,P0064,837.9,2025-01-21 22:45:00,completed
T002093,M004,P0719,133.21,2025-01-21 23:00:00,pending
T002094,M023,P1129,177.71,2025-01-21 23:15:00,completed
T002095,M016,P0791,331.41,2025-01-21 23:30:00,failed
T002096,M008,P1125,456.43,2025-01-21 23:45:00,pending
T002097,M010,P0068,380.97,2025-01-22 00:00:00,completed
T002098,M018,P0639,225.42,2025-01-22 00:15:00,completed
T002099,M018,P0937,306.06,2025-01-22 00:30:00,pending
T002100,M012,P0771,64.84,2025-01-22 00:45:00,failed
T002101,M008,P1057,140.96,2025-01-22 01:00:00,completed
T002102,M016,P0556,487.54,2025-01-22 01:15:00,pending
T002103,M016,P0820,394.16,2025-01-22 01:30:00,completed
T002104,M015,P0504,18.86,2025-01-22 01:45:00,failed
T002105,M002,P1047,82.96,2025-01-22 02:00:00,pending
T002106,M012,P0144,1.0,2025-01-22 02:15:00,pending
T002107,M015,P0305,570.43,2025-01-22 02:30:00,pending
T002108,M023,P0117,501.8,2025-01-22 02:45:00,failed
T002109,M013,P0843,190.05,2025-01-22 03:00:00,completed
T002110,M009,P0280,927.47,2025-01-22 03:15:00,completed
T002111,M014,P0381,1.0,2025-01-22 03:30:00,completed
T002112,M005,P1004,24.53,2025-01-22 03:45:00,pending
T002113,M003,P0433,426.82,2025-01-22 04:00:00,completed
T002114,M017,P0175,373.36,2025-01-22 04:15:00,failed
T002115,M024,P0026,185.9,2025-01-22 04:30:00,pending
T002116,M021,P0273,89.3,2025-01-22 04:45:00,completed
T002117,M015,P1098,573.49,2025-01-22 05:00:00,pending
T002118,M001,P0659,97.52,2025-01-22 05:15:00,failed
T002119,M024,P1194,637.09,2025-01-22 05:30:00,completed
T002120,M011,P0259,693.37,2025-01-22 05:45:00,completed
T002121,M007,P0422,569.84,2025-01-22 06:00:00,failed
T002122,M022,P0196,334.7,2025-01-22 06:15:00,completed
T002123,M018,P0479,371.79,2025-01-22 06:30:00,completed
T002124,M018,P0676,428.75,2025-01-22 06:45:00,pending
T002125,M007,P0970,381.73,2025-01-22 07:00:00,failed
T002126,M024,P0442,340.9,2025-01-22 07:15:00,failed
T002127,M011,P0926,584.83,2025-01-22 07:30:00,failed
T002128,M013,P0752,278.9,2025-01-22 07:45:00,completed
T002129,M019,P0351,248.39,2025-01-22 08:00:00,completed
T002130,M016,P1095,97.62,2025-01-22 08:15:00,pending
T002131,M005,P0522,214.93,2025-01-22 08:30:00,completed
T002132,M008,P0182,312.81,2025-01-22 08:45:00,completed
T002133,M009,P1156,476.79,2025-01-22 09:00:00,completed
T002134,M023,P1097,452.3,2025-01-22 09:15:00,completed
T002135,M018,P0060,320.96,2025-01-22 09:30:00,completed
T002136,M009,P1083,382.57,2025-01-22 09:45:00,pending
T002137,M018,P1137,260.75,2025-01-22 10:00:00,pending
T002138,M018,P0995,516.0,2025-01-22 10:15:00,completed
T002139,M010,P0306,393.74,2025-01-22 10:30:00,pending
T002140,M010,P0758,176.09,2025-01-22 10:45:00,completed
T002141,M022,P0646,85.43,2025-01-22 11:00:00,pending
T002142,M014,P0745,640.42,2025-01-22 11:15:00,completed
T002143,M004,P0740,386.57,2025-01-22 11:30:00,completed
T002144,M018,P0768,390.52,2025-01-22 11:45:00,failed
T002145,M015,P0617,340.4,2025-01-22 12:00:00,pending
T002146,M013,P0829,459.21,2025-01-22 12:15:00,completed
T002147,M017,P0022,1499.0,2025-01-22 12:30:00,failed
T002148,M017,P0022,1499.0,2025-01-22 12:30:00,completed
T002149,M017,P0022,999.0,2025-01-22 12:30:00,completed
T002150,M017,P0022,1499.0,2025-01-22 12:30:00,failed
T002151,M017,P0022,1499.0,2025-01-22 12:30:00,pending
T002152,M017,P0022,999.0,2025-01-22 12:30:00,failed
T002153,M017,P0022,999.0,2025-01-22 12:30:00,completed
T002154,M017,P0022,1999.0,2025-01-22 12:30:00,completed
T002155,M017,P0022,1499.0,2025-01-22 12:30:00,pending
T002156,M017,P0022,2499.0,2025-01-22 12:30:00,completed
T002157,M017,P0022,999.0,2025-01-22 12:30:00,completed
T002158,M017,P0022,1999.0,2025-01-22 12:30:00,pending
T002159,M017,P0022,999.0,2025-01-22 12:30:00,completed
T002160,M017,P0022,1999.0,2025-01-22 12:30:00,pending
T002161,M017,P0022,1999.0,2025-01-22 12:30:00,pending
T002162,M017,P0022,1999.0,2025-01-22 12:30:00,completed
T002163,M018,P0632,1.0,2025-01-22 12:30:00,pending
T002164,M022,P0020,169.37,2025-01-22 12:45:00,pending
T002165,M008,P0043,94.09,2025-01-22 13:00:00,pending
T002166,M011,P1150,423.97,2025-01-22 13:15:00,completed
T002167,M005,P1092,54.67,2025-01-22 13:30:00,failed
T002168,M016,P0703,487.4,2025-01-22 13:45:00,failed
T002169,M010,P0210,358.46,2025-01-22 14:00:00,completed
T002170,M009,P0938,173.71,2025-01-22 14:15:00,pending
T002171,M017,P0172,534.67,2025-01-22 14:30:00,pending
T002172,M010,P0453,541.6,2025-01-22 14:45:00,failed
T002173,M012,P0396,320.26,2025-01-22 15:00:00,pending
T002174,M011,P0015,42.54,2025-01-22 15:15:00,failed
T002175,M007,P0969,323.59,2025-01-22 15:30:00,completed
T002176,M004,P0612,109.45,2025-01-22 15:45:00,pending
T002177,M020,P0380,439.75,2025-01-22 16:00:00,failed
T002178,M003,P0609,234.12,2025-01-22 16:15:00,failed
T002179,M008,P0001,503.84,2025-01-22 16:30:00,completed
T002180,M017,P0525,412.4,2025-01-22 16:45:00,pending
T002181,M004,P0624,641.5,2025-01-22 17:00:00,pending
T002182,M016,P0408,420.17,2025-01-22 17:15:00,failed
T002183,M018,P0997,295.7,2025-01-22 17:30:00,pending
T002184,M016,P0300,295.47,2025-01-22 17:45:00,failed
T002185,M008,P0166,447.89,2025-01-22 18:00:00,pending
T002186,M001,P0634,486.34,2025-01-22 18:15:00,completed
T002187,M022,P1065,733.97,2025-01-22 18:30:00,completed
T002188,M008,P0451,108.01,2025-01-22 18:45:00,completed
T002189,M020,P0056,107.95,2025-01-22 19:00:00,completed
T002190,M005,P1164,339.25,2025-01-22 19:15:00,pending
T002191,M004,P0534,507.83,2025-01-22 19:30:00,failed
T002192,M019,P0208,499.51,2025-01-22 19:45:00,failed
T002193,M023,P0739,321.51,2025-01-22 20:00:00,failed
T002194,M021,P0384,277.82,2025-01-22 20:15:00,pending
T002195,M019,P1126,134.53,2025-01-22 20:30:00,pending
T002196,M006,P0353,332.65,2025-01-22 20:45:00,pending
T002197,M022,P0661,466.01,2025-01-22 21:00:00,completed
T002198,M017,P0652,160.65,2025-01-22 21:15:00,completed
T002199,M005,P0291,307.9,2025-01-22 21:30:00,completed
T002200,M004,P0600,256.27,2025-01-22 21:45:00,completed
T002201,M021,P0131,193.3,2025-01-22 22:00:00,failed
T002202,M007,P0773,439.82,2025-01-22 22:15:00,completed
T002203,M019,P0910,645.71,2025-01-22 22:30:00,completed
T002204,M004,P1141,465.92,2025-01-22 22:45:00,completed
T002205,M007,P0391,479.47,2025-01-22 23:00:00,failed
T002206,M007,P0343,176.6,2025-01-22 23:15:00,completed
T002207,M007,P0659,154.9,2025-01-22 23:30:00,pending
T002208,M017,P0832,493.18,2025-01-22 23:45:00,completed
T002209,M022,P1191,402.21,2025-01-23 00:00:00,failed
T002210,M022,P0031,1.0,2025-01-23 00:15:00,failed
T002211,M018,P0286,719.99,2025-01-23 00:30:00,completed
T002212,M005,P0315,719.33,2025-01-23 00:45:00,completed
T002213,M024,P0307,89.14,2025-01-23 01:00:00,failed
T002214,M014,P0557,1.0,2025-01-23 01:15:00,pending
T002215,M014,P1048,415.18,2025-01-23 01:30:00,pending
T002216,M017,P0038,156.86,2025-01-23 01:45:00,completed
T002217,M019,P0980,102.95,2025-01-23 02:00:00,failed
T002218,M023,P0742,478.06,2025-01-23 02:15:00,failed
T002219,M014,P0739,676.17,2025-01-23 02:30:00,failed
T002220,M015,P0814,389.39,2025-01-23 02:45:00,failed
T002221,M018,P0139,117.92,2025-01-23 03:00:00,failed
T002222,M007,P0897,256.61,2025-01-23 03:15:00,completed
T002223,M008,P0298,433.6,2025-01-23 03:30:00,failed
T002224,M016,P0620,528.39,2025-01-23 03:45:00,completed
T002225,M002,P0813,198.29,2025-01-23 04:00:00,failed
T002226,M008,P0725,342.06,2025-01-23 04:15:00,failed
T002227,M018,P0388,291.57,2025-01-23 04:30:00,completed
T002228,M024,P0476,249.21,2025-01-23 04:45:00,completed
T002229,M013,P0572,663.62,2025-01-23 05:00:00,completed
T002230,M010,P0050,381.43,2025-01-23 05:15:00,pending
T002231,M011,P0872,302.8,2025-01-23 05:30:00,pending
T002232,M017,P0120,584.9,2025-01-23 05:45:00,completed
T002233,M014,P0551,220.21,2025-01-23 06:00:00,completed
T002234,M001,P0786,311.44,2025-01-23 06:15:00,pending
T002235,M013,P0097,376.26,2025-01-23 06:30:00,failed
T002236,M010,P1195,428.99,2025-01-23 06:45:00,pending
T002237,M017,P0453,611.38,2025-01-23 07:00:00,completed
T002238,M022,P0019,146.93,2025-01-23 07:15:00,completed
T002239,M024,P0791,263.03,2025-01-23 07:30:00,completed
T002240,M015,P0670,709.72,2025-01-23 07:45:00,completed
T002241,M009,P0769,530.31,2025-01-23 08:00:00,failed
T002242,M011,P0902,302.41,2025-01-23 08:15:00,failed
T002243,M005,P0571,298.46,2025-01-23 08:30:00,failed
T002244,M023,P0993,490.71,2025-01-23 08:45:00,pending
T002245,M021,P0445,438.39,2025-01-23 09:00:00,completed
T002246,M021,P0655,423.8,2025-01-23 09:15:00,pending
T002247,M008,P0191,312.05,2025-01-23 09:30:00,pending
T002248,M008,P0744,380.61,2025-01-23 09:45:00,completed
T002249,M021,P0314,510.54,2025-01-23 10:00:00,pending
T002250,M014,P0837,482.49,2025-01-23 10:15:00,pending
T002251,M017,P0962,346.31,2025-01-23 10:30:00,completed
T002252,M012,P1031,1.0,2025-01-23 10:45:00,pending
T002253,M011,P1115,325.43,2025-01-23 11:00:00,failed
T002254,M016,P0147,651.44,2025-01-23 11:15:00,pending
T002255,M020,P0166,413.97,2025-01-23 11:30:00,pending
T002256,M009,P1112,342.27,2025-01-23 11:45:00,pending
T002257,M020,P0457,521.59,2025-01-23 12:00:00,completed
T002258,M006,P0032,257.37,2025-01-23 12:15:00,pending
T002259,M010,P0345,228.05,2025-01-23 12:30:00,failed
T002260,M022,P1004,581.68,2025-01-23 12:45:00,pending
T002261,M023,P0426,234.51,2025-01-23 13:00:00,failed
T002262,M023,P0093,137.61,2025-01-23 13:15:00,pending
T002263,M008,P0867,313.22,2025-01-23 13:30:00,failed
T002264,M021,P0234,726.88,2025-01-23 13:45:00,pending
T002265,M023,P0424,51.04,2025-01-23 14:00:00,pending
T002266,M024,P0005,163.82,2025-01-23 14:15:00,completed
T002267,M001,P0723,527.9,2025-01-23 14:30:00,pending
T002268,M018,P0535,235.42,2025-01-23 14:45:00,completed
T002269,M024,P1041,363.06,2025-01-23 15:00:00,completed
T002270,M019,P0402,640.56,2025-01-23 15:15:00,failed
T002271,M006,P0246,448.45,2025-01-23 15:30:00,failed
T002272,M019,P0200,1.0,2025-01-23 15:45:00,failed
T002273,M003,P0241,337.98,2025-01-23 16:00:00,pending
T002274,M012,P0542,588.7,2025-01-23 16:15:00,pending
T002275,M016,P0105,17.52,2025-01-23 16:30:00,failed
T002276,M011,P0483,133.73,2025-01-23 16:45:00,completed
T002277,M017,P1026,658.0,2025-01-23 17:00:00,completed
T002278,M006,P0922,211.8,2025-01-23 17:15:00,failed
T002279,M015,P0765,356.15,2025-01-23 17:30:00,failed
T002280,M016,P1072,154.71,2025-01-23 17:45:00,failed
T002281,M016,P0937,356.56,2025-01-23 18:00:00,completed
T002282,M007,P0784,1.0,2025-01-23 18:15:00,failed
T002283,M008,P1036,281.39,2025-01-23 18:30:00,failed
T002284,M007,P0150,88.74,2025-01-23 18:45:00,pending
T002285,M012,P0982,391.25,2025-01-23 19:00:00,completed
T002286,M015,P0355,658.59,2025-01-23 19:15:00,pending
T002287,M009,P0880,308.58,2025-01-23 19:30:00,pending
T002288,M010,P1096,503.89,2025-01-23 19:45:00,failed
T002289,M007,P0596,111.26,2025-01-23 20:00:00,failed
T002290,M006,P0107,445.82,2025-01-23 20:15:00,failed
T002291,M016,P0445,310.24,2025-01-23 20:30:00,failed
T002292,M020,P0489,325.0,2025-01-23 20:45:00,pending
T002293,M007,P1125,502.71,2025-01-23 21:00:00,pending
T002294,M021,P1132,215.24,2025-01-23 21:15:00,completed
T002295,M014,P0683,374.61,2025-01-23 21:30:00,pending
T002296,M005,P1141,200.35,2025-01-23 21:45:00,failed
T002297,M009,P0524,376.13,2025-01-23 22:00:00,pending
T002298,M001,P0494,338.66,2025-01-23 22:15:00,failed
T002299,M001,P1004,56.48,2025-01-23 22:30:00,pending
T002300,M009,P0801,210.62,2025-01-23 22:45:00,failed
T002301,M011,P0627,534.69,2025-01-23 23:00:00,failed
T002302,M020,P0549,237.41,2025-01-23 23:15:00,failed
T002303,M004,P0847,568.36,2025-01-23 23:30:00,completed
T002304,M021,P0905,387.56,2025-01-23 23:45:00,pending
T002305,M006,P0589,487.01,2025-01-24 00:00:00,failed
T002306,M004,P0038,348.49,2025-01-24 00:15:00,completed
T002307,M017,P0123,230.91,2025-01-24 00:30:00,pending
T002308,M019,P0173,225.19,2025-01-24 00:45:00,failed
T002309,M015,P0555,617.33,2025-01-24 01:00:00,failed
T002310,M003,P0738,353.69,2025-01-24 01:15:00,failed
T002311,M003,P0965,486.57,2025-01-24 01:30:00,completed
T002312,M010,P0280,296.38,2025-01-24 01:45:00,pending
T002313,M011,P0944,344.6,2025-01-24 02:00:00,pending
T002314,M024,P0800,230.69,2025-01-24 02:15:00,pending
T002315,M007,P0062,327.28,2025-01-24 02:30:00,failed
T002316,M005,P0422,505.63,2025-01-24 02:45:00,failed
T002317,M023,P0364,332.03,2025-01-24 03:00:00,failed
T002318,M004,P1064,321.82,2025-01-24 03:15:00,failed
T002319,M001,P1106,307.22,2025-01-24 03:30:00,failed
T002320,M011,P0984,113.0,2025-01-24 03:45:00,completed
T002321,M010,P0634,163.39,2025-01-24 04:00:00,pending
T002322,M015,P0592,554.45,2025-01-24 04:15:00,completed
T002323,M022,P0374,344.04,2025-01-24 04:30:00,completed
T002324,M023,P0928,570.78,2025-01-24 04:45:00,failed
T002325,M007,P0104,629.21,2025-01-24 05:00:00,failed
T002326,M024,P0326,196.44,2025-01-24 05:15:00,pending
T002327,M016,P0163,260.86,2025-01-24 05:30:00,completed
T002328,M002,P0594,393.41,2025-01-24 05:45:00,completed
T002329,M023,P0360,301.83,2025-01-24 06:00:00,failed
T002330,M004,P0237,531.31,2025-01-24 06:15:00,failed
T002331,M015,P0452,247.14,2025-01-24 06:30:00,pending
T002332,M019,P1034,516.78,2025-01-24 06:45:00,completed
T002333,M006,P0670,141.15,2025-01-24 07:00:00,completed
T002334,M007,P0988,149.41,2025-01-24 07:15:00,pending
T002335,M012,P1097,172.96,2025-01-24 07:30:00,failed
T002336,M022,P1083,435.88,2025-01-24 07:45:00,failed
T002337,M006,P0422,292.04,2025-01-24 08:00:00,completed
T002338,M016,P1053,359.28,2025-01-24 08:15:00,completed
T002339,M011,P1092,143.55,2025-01-24 08:30:00,completed
T002340,M003,P1152,553.65,2025-01-24 08:45:00,failed
T002341,M018,P0422,335.74,2025-01-24 09:00:00,pending
T002342,M020,P0275,417.22,2025-01-24 09:15:00,failed
T002343,M014,P0702,1.0,2025-01-24 09:30:00,failed
T002344,M005,P1119,908.34,2025-01-24 09:45:00,pending
T002345,M004,P1081,327.92,2025-01-24 10:00:00,completed
T002346,M011,P0686,483.85,2025-01-24 10:15:00,failed
T002347,M013,P0180,646.16,2025-01-24 10:30:00,completed
T002348,M014,P0507,1.0,2025-01-24 10:45:00,failed
T002349,M006,P0857,451.41,2025-01-24 11:00:00,failed
T002350,M013,P0673,462.04,2025-01-24 11:15:00,pending
T002351,M008,P0415,142.17,2025-01-24 11:30:00,completed
T002352,M017,P0412,119.48,2025-01-24 11:45:00,completed
T002353,M020,P0072,571.9,2025-01-24 12:00:00,completed
T002354,M016,P0347,363.36,2025-01-24 12:15:00,pending
T002355,M001,P0804,195.6,2025-01-24 12:30:00,completed
T002356,M024,P0290,617.51,2025-01-24 12:45:00,completed
T002357,M001,P1193,368.62,2025-01-24 13:00:00,completed
T002358,M024,P0099,143.86,2025-01-24 13:15:00,pending
T002359,M001,P0707,13.09,2025-01-24 13:30:00,completed
T002360,M013,P0596,370.15,2025-01-24 13:45:00,pending
T002361,M003,P1000,526.44,2025-01-24 14:00:00,pending
T002362,M003,P1066,632.7,2025-01-24 14:15:00,completed
T002363,M017,P0653,220.85,2025-01-24 14:30:00,pending
T002364,M018,P0757,155.68,2025-01-24 14:45:00,completed
T002365,M003,P0839,528.34,2025-01-24 15:00:00,failed
T002366,M024,P0626,58.75,2025-01-24 15:15:00,completed
T002367,M008,P0222,727.55,2025-01-24 15:30:00,pending
T002368,M008,P0515,287.69,2025-01-24 15:45:00,pending
T002369,M008,P0290,577.66,2025-01-24 16:00:00,pending
T002370,M012,P0558,452.0,2025-01-24 16:15:00,pending
T002371,M005,P0739,569.86,2025-01-24 16:30:00,completed
T002372,M011,P0252,403.34,2025-01-24 16:45:00,completed
T002373,M006,P0300,449.05,2025-01-24 17:00:00,failed
T002374,M002,P0988,700.72,2025-01-24 17:15:00,completed
T002375,M009,P0454,338.85,2025-01-24 17:30:00,completed
T002376,M017,P0239,184.4,2025-01-24 17:45:00,failed
T002377,M019,P0856,525.85,2025-01-24 18:00:00,completed
T002378,M009,P0860,304.54,2025-01-24 18:15:00,pending
T002379,M008,P0992,368.48,2025-01-24 18:30:00,completed
T002380,M019,P0912,400.37,2025-01-24 18:45:00,failed
T002381,M017,P1191,811.61,2025-01-24 19:00:00,failed
T002382,M020,P0690,271.63,2025-01-24 19:15:00,completed
T002383,M022,P0345,532.76,2025-01-24 19:30:00,failed
T002384,M020,P1036,609.08,2025-01-24 19:45:00,completed
T002385,M023,P0318,379.64,2025-01-24 20:00:00,failed
T002386,M010,P0350,28.93,2025-01-24 20:15:00,failed
T002387,M010,P0995,58.45,2025-01-24 20:30:00,completed
T002388,M008,P1058,418.28,2025-01-24 20:45:00,failed
T002389,M006,P0408,104.8,2025-01-24 21:00:00,completed
T002390,M018,P0876,355.44,2025-01-24 21:15:00,failed
T002391,M018,P1107,306.05,2025-01-24 21:30:00,completed
T002392,M020,P0959,462.01,2025-01-24 21:45:00,completed
T002393,M005,P0006,205.19,2025-01-24 22:00:00,pending
T002394,M012,P0798,563.9,2025-01-24 22:15:00,failed
T002395,M006,P0204,413.83,2025-01-24 22:30:00,completed
T002396,M022,P1016,465.46,2025-01-24 22:45:00,completed
T002397,M007,P0081,351.61,2025-01-24 23:00:00,completed
T002398,M004,P1192,202.97,2025-01-24 23:15:00,completed
T002399,M014,P0213,722.67,2025-01-24 23:30:00,pending
T002400,M022,P0505,630.08,2025-01-24 23:45:00,failed
T002401,M022,P0281,316.0,2025-01-25 00:00:00,completed
T002402,M003,P0977,482.16,2025-01-25 00:15:00,pending
T002403,M008,P0473,556.43,2025-01-25 00:30:00,pending
T002404,M004,P0894,543.61,2025-01-25 00:45:00,completed
T002405,M008,P0081,682.36,2025-01-25 01:00:00,completed
T002406,M013,P0544,356.25,2025-01-25 01:15:00,completed
T002407,M007,P1094,255.78,2025-01-25 01:30:00,completed
T002408,M002,P1113,658.06,2025-01-25 01:45:00,completed
T002409,M013,P0251,169.24,2025-01-25 02:00:00,pending
T002410,M002,P0474,639.96,2025-01-25 02:15:00,completed
T002411,M006,P0491,462.42,2025-01-25 02:30:00,failed
T002412,M001,P0679,268.92,2025-01-25 02:45:00,completed
T002413,M003,P0645,372.73,2025-01-25 03:00:00,pending
T002414,M011,P0128,375.79,2025-01-25 03:15:00,pending
T002415,M021,P0916,30.66,2025-01-25 03:30:00,completed
T002416,M019,P0271,408.23,2025-01-25 03:45:00,pending
T002417,M003,P0378,339.64,2025-01-25 04:00:00,completed
T002418,M001,P1009,188.94,2025-01-25 04:15:00,pending
T002419,M009,P0828,480.99,2025-01-25 04:30:00,completed
T002420,M016,P0476,442.14,2025-01-25 04:45:00,pending
T002421,M018,P1095,723.4,2025-01-25 05:00:00,failed
T002422,M020,P0473,79.08,2025-01-25 05:15:00,completed
T002423,M009,P0679,253.39,2025-01-25 05:30:00,pending
T002424,M005,P0296,337.35,2025-01-25 05:45:00,completed
T002425,M001,P0220,98.11,2025-01-25 06:00:00,pending
T002426,M004,P0590,348.2,2025-01-25 06:15:00,completed
T002427,M002,P0676,694.58,2025-01-25 06:30:00,completed
T002428,M021,P0967,560.24,2025-01-25 06:45:00,failed
T002429,M007,P0470,121.92,2025-01-25 07:00:00,failed
T002430,M020,P1075,479.9,2025-01-25 07:15:00,pending
T002431,M014,P0729,545.07,2025-01-25 07:30:00,pending
T002432,M013,P0085,354.33,2025-01-25 07:45:00,failed
T002433,M011,P0887,101.32,2025-01-25 08:00:00,pending
T002434,M020,P0690,500.65,2025-01-25 08:15:00,pending
T002435,M002,P0468,271.71,2025-01-25 08:30:00,pending
T002436,M003,P0561,146.64,2025-01-25 08:45:00,failed
T002437,M011,P0363,233.3,2025-01-25 09:00:00,completed
T002438,M010,P0738,512.49,2025-01-25 09:15:00,failed
T002439,M014,P0681,363.13,2025-01-25 09:30:00,failed
T002440,M018,P0537,293.34,2025-01-25 09:45:00,pending
T002441,M015,P0343,62.46,2025-01-25 10:00:00,pending
T002442,M007,P0479,594.86,2025-01-25 10:15:00,failed
T002443,M008,P0598,324.35,2025-01-25 10:30:00,failed
T002444,M019,P0567,332.84,2025-01-25 10:45:00,failed
T002445,M005,P0372,343.52,2025-01-25 11:00:00,completed
T002446,M013,P0699,1.0,2025-01-25 11:15:00,pending
T002447,M013,P0272,386.89,2025-01-25 11:30:00,pending
T002448,M019,P0602,617.49,2025-01-25 11:45:00,completed
T002449,M018,P0146,523.64,2025-01-25 12:00:00,completed
T002450,M012,P0567,573.58,2025-01-25 12:15:00,pending
T002451,M008,P0941,302.78,2025-01-25 12:30:00,failed
T002452,M009,P0982,385.48,2025-01-25 12:45:00,completed
T002453,M010,P0834,313.5,2025-01-25 13:00:00,pending
T002454,M006,P0895,411.31,2025-01-25 13:15:00,completed
T002455,M016,P0080,387.02,2025-01-25 13:30:00,pending
T002456,M006,P0410,546.72,2025-01-25 13:45:00,pending
T002457,M016,P0786,491.05,2025-01-25 14:00:00,completed
T002458,M019,P0961,459.56,2025-01-25 14:15:00,completed
T002459,M024,P0700,380.18,2025-01-25 14:30:00,failed
T002460,M003,P1025,333.64,2025-01-25 14:45:00,pending
T002461,M019,P0328,355.98,2025-01-25 15:00:00,completed
T002462,M003,P0185,641.95,2025-01-25 15:15:00,completed
T002463,M009,P0104,348.53,2025-01-25 15:30:00,completed
T002464,M005,P0700,613.37,2025-01-25 15:45:00,failed
T002465,M004,P0799,494.08,2025-01-25 16:00:00,completed
T002466,M005,P0343,292.06,2025-01-25 16:15:00,completed
T002467,M002,P0941,409.71,2025-01-25 16:30:00,completed
T002468,M020,P0888,230.42,2025-01-25 16:45:00,completed
T002469,M002,P0433,373.23,2025-01-25 17:00:00,completed
T002470,M010,P0287,282.43,2025-01-25 17:15:00,pending
T002471,M017,P0891,512.69,2025-01-25 17:30:00,failed
T002472,M024,P0806,524.58,2025-01-25 17:45:00,completed
T002473,M021,P0205,300.28,2025-01-25 18:00:00,failed
T002474,M004,P0307,364.03,2025-01-25 18:15:00,completed
T002475,M024,P0584,127.57,2025-01-25 18:30:00,completed
T002476,M016,P0614,376.3,2025-01-25 18:45:00,pending
T002477,M005,P0200,816.84,2025-01-25 19:00:00,pending
T002478,M011,P1139,478.01,2025-01-25 19:15:00,pending
T002479,M023,P0467,394.85,2025-01-25 19:30:00,failed
T002480,M010,P0458,169.34,2025-01-25 19:45:00,completed
T002481,M005,P0073,36.98,2025-01-25 20:00:00,pending
T002482,M022,P1051,341.41,2025-01-25 20:15:00,failed
T002483,M023,P0283,1.0,2025-01-25 20:30:00,completed
T002484,M024,P1185,305.43,2025-01-25 20:45:00,completed
T002485,M023,P0596,311.22,2025-01-25 21:00:00,completed
T002486,M021,P1050,288.53,2025-01-25 21:15:00,completed
T002487,M011,P0215,660.3,2025-01-25 21:30:00,failed
T002488,M005,P0200,249.15,2025-01-25 21:45:00,pending
T002489,M015,P0962,337.7,2025-01-25 22:00:00,pending
T002490,M006,P0984,211.77,2025-01-25 22:15:00,failed
T002491,M012,P0652,211.56,2025-01-25 22:30:00,failed
T002492,M016,P0039,274.44,2025-01-25 22:45:00,pending
T002493,M023,P1133,152.95,2025-01-25 23:00:00,pending
T002494,M007,P0472,371.24,2025-01-25 23:15:00,pending
T002495,M011,P0170,1999.0,2025-01-25 23:15:00,completed
T002496,M011,P0170,999.0,2025-01-25 23:15:00,failed
T002497,M011,P0170,1499.0,2025-01-25 23:15:00,failed
T002498,M011,P0170,1499.0,2025-01-25 23:15:00,failed
T002499,M011,P0170,1999.0,2025-01-25 23:15:00,completed
T002500,M011,P0170,1499.0,2025-01-25 23:15:00,failed
T002501,M011,P0170,2499.0,2025-01-25 23:15:00,pending
T002502,M011,P0170,1499.0,2025-01-25 23:15:00,completed
T002503,M011,P0170,999.0,2025-01-25 23:15:00,completed
T002504,M011,P0170,1499.0,2025-01-25 23:15:00,pending
T002505,M011,P0170,999.0,2025-01-25 23:15:00,completed
T002506,M011,P0170,1999.0,2025-01-25 23:15:00,completed
T002507,M011,P0170,2499.0,2025-01-25 23:15:00,pending
T002508,M011,P0170,2499.0,2025-01-25 23:15:00,failed
T002509,M011,P0170,1499.0,2025-01-25 23:15:00,failed
T002510,M011,P0170,999.0,2025-01-25 23:15:00,failed
T002511,M007,P1124,1.0,2025-01-25 23:30:00,pending
T002512,M018,P1045,506.24,2025-01-25 23:45:00,completed
T002513,M001,P1022,431.22,2025-01-26 00:00:00,pending
T002514,M014,P0827,575.2,2025-01-26 00:15:00,failed
T002515,M018,P0808,610.81,2025-01-26 00:30:00,completed
T002516,M014,P0640,486.47,2025-01-26 00:45:00,failed
T002517,M010,P0030,379.35,2025-01-26 01:00:00,failed
T002518,M020,P0466,249.34,2025-01-26 01:15:00,failed
T002519,M009,P0877,369.38,2025-01-26 01:30:00,failed
T002520,M018,P0975,421.64,2025-01-26 01:45:00,failed
T002521,M012,P0672,232.66,2025-01-26 02:00:00,completed
T002522,M001,P0852,424.43,2025-01-26 02:15:00,failed
T002523,M013,P0027,325.21,2025-01-26 02:30:00,failed
T002524,M002,P0563,88.0,2025-01-26 02:45:00,failed
T002525,M023,P0610,143.49,2025-01-26 03:00:00,completed
T002526,M015,P1071,424.6,2025-01-26 03:15:00,failed
T002527,M009,P0374,389.41,2025-01-26 03:30:00,failed
T002528,M012,P0276,485.5,2025-01-26 03:45:00,failed
T002529,M015,P0423,542.94,2025-01-26 04:00:00,pending
T002530,M007,P0205,387.74,2025-01-26 04:15:00,completed
T002531,M007,P0671,547.88,2025-01-26 04:30:00,failed
T002532,M011,P0772,417.7,2025-01-26 04:45:00,failed
T002533,M007,P0962,578.79,2025-01-26 05:00:00,failed
T002534,M019,P1167,297.72,2025-01-26 05:15:00,completed
T002535,M003,P0089,294.96,2025-01-26 05:30:00,pending
T002536,M020,P0297,632.85,2025-01-26 05:45:00,completed
T002537,M009,P0361,88.97,2025-01-26 06:00:00,completed
T002538,M014,P0300,139.14,2025-01-26 06:15:00,completed
T002539,M004,P0993,144.58,2025-01-26 06:30:00,failed
T002540,M010,P0168,292.72,2025-01-26 06:45:00,completed
T002541,M019,P0036,69.48,2025-01-26 07:00:00,failed
T002542,M007,P1033,472.29,2025-01-26 07:15:00,completed
T002543,M004,P1154,539.73,2025-01-26 07:30:00,pending
T002544,M013,P0272,342.88,2025-01-26 07:45:00,completed
T002545,M004,P0400,344.52,2025-01-26 08:00:00,failed
T002546,M008,P0604,1.0,2025-01-26 08:15:00,pending
T002547,M011,P0632,177.75,2025-01-26 08:30:00,failed
T002548,M014,P1190,154.6,2025-01-26 08:45:00,failed
T002549,M016,P0485,303.5,2025-01-26 09:00:00,completed
T002550,M017,P0015,231.62,2025-01-26 09:15:00,failed
T002551,M021,P0508,361.6,2025-01-26 09:30:00,completed
T002552,M002,P0668,307.47,2025-01-26 09:45:00,failed
T002553,M009,P0621,268.42,2025-01-26 10:00:00,completed
T002554,M001,P0615,348.66,2025-01-26 10:15:00,completed
T002555,M001,P1108,36.74,2025-01-26 10:30:00,failed
T002556,M006,P0969,268.82,2025-01-26 10:45:00,pending
T002557,M015,P0303,577.08,2025-01-26 11:00:00,completed
T002558,M022,P0427,560.61,2025-01-26 11:15:00,pending
T002559,M019,P0802,168.02,2025-01-26 11:30:00,completed
T002560,M016,P0493,126.36,2025-01-26 11:45:00,completed
T002561,M012,P0820,2499.0,2025-01-26 12:00:00,failed
T002562,M012,P0820,1999.0,2025-01-26 12:00:00,failed
T002563,M012,P0820,1499.0,2025-01-26 12:00:00,completed
T002564,M012,P0820,999.0,2025-01-26 12:00:00,pending
T002565,M012,P0820,2499.0,2025-01-26 12:00:00,completed
T002566,M012,P0820,1499.0,2025-01-26 12:00:00,failed
T002567,M012,P0820,1999.0,2025-01-26 12:00:00,pending
T002568,M012,P0820,1999.0,2025-01-26 12:00:00,completed
T002569,M012,P0820,1499.0,2025-01-26 12:00:00,failed
T002570,M012,P0820,999.0,2025-01-26 12:00:00,failed
T002571,M012,P0820,1499.0,2025-01-26 12:00:00,pending
T002572,M012,P0820,1499.0,2025-01-26 12:00:00,pending
T002573,M012,P0820,1999.0,2025-01-26 12:00:00,pending
T002574,M012,P0820,2499.0,2025-01-26 12:00:00,pending
T002575,M012,P0820,999.0,2025-01-26 12:00:00,failed
T002576,M012,P0820,1999.0,2025-01-26 12:00:00,pending
T002577,M019,P0515,223.07,2025-01-26 12:00:00,failed
T002578,M005,P0202,617.75,2025-01-26 12:15:00,completed
T002579,M021,P0306,143.34,2025-01-26 12:30:00,completed
T002580,M022,P0889,336.28,2025-01-26 12:45:00,completed
T002581,M003,P1012,455.41,2025-01-26 13:00:00,failed
T002582,M012,P0942,61.46,2025-01-26 13:15:00,completed
T002583,M020,P0370,438.13,2025-01-26 13:30:00,pending
T002584,M012,P0164,269.58,2025-01-26 13:45:00,failed
T002585,M021,P0192,379.18,2025-01-26 14:00:00,failed
T002586,M023,P0473,324.49,2025-01-26 14:15:00,completed
T002587,M012,P0622,284.16,2025-01-26 14:30:00,failed
T002588,M002,P1072,401.34,2025-01-26 14:45:00,failed
T002589,M009,P1079,233.54,2025-01-26 15:00:00,completed
T002590,M006,P0004,418.97,2025-01-26 15:15:00,pending
T002591,M012,P0850,659.28,2025-01-26 15:30:00,pending
T002592,M015,P0359,568.62,2025-01-26 15:45:00,completed
T002593,M012,P0238,240.09,2025-01-26 16:00:00,pending
T002594,M005,P0667,307.63,2025-01-26 16:15:00,pending
T002595,M008,P0041,324.16,2025-01-26 16:30:00,completed
T002596,M017,P0401,577.87,2025-01-26 16:45:00,pending
T002597,M001,P0663,509.0,2025-01-26 17:00:00,completed
T002598,M006,P0327,465.51,2025-01-26 17:15:00,failed
T002599,M022,P0713,390.12,2025-01-26 17:30:00,pending
T002600,M003,P0553,108.02,2025-01-26 17:45:00,failed
T002601,M010,P0960,323.78,2025-01-26 18:00:00,failed
T002602,M005,P0218,462.26,2025-01-26 18:15:00,failed
T002603,M003,P0069,236.88,2025-01-26 18:30:00,completed
T002604,M011,P0636,155.29,2025-01-26 18:45:00,failed
T002605,M013,P0309,339.01,2025-01-26 19:00:00,completed
T002606,M005,P0849,653.07,2025-01-26 19:15:00,failed
T002607,M002,P0112,454.89,2025-01-26 19:30:00,failed
T002608,M004,P0691,344.17,2025-01-26 19:45:00,failed
T002609,M016,P1188,548.75,2025-01-26 20:00:00,failed
T002610,M021,P0112,324.75,2025-01-26 20:15:00,pending
T002611,M005,P0363,153.93,2025-01-26 20:30:00,failed
T002612,M008,P1014,783.84,2025-01-26 20:45:00,failed
T002613,M009,P0641,420.65,2025-01-26 21:00:00,failed
T002614,M009,P0210,329.4,2025-01-26 21:15:00,failed
T002615,M006,P0256,441.74,2025-01-26 21:30:00,failed
T002616,M002,P0918,253.8,2025-01-26 21:45:00,pending
T002617,M013,P1034,232.23,2025-01-26 22:00:00,pending
T002618,M009,P0433,285.55,2025-01-26 22:15:00,completed
T002619,M009,P0569,268.32,2025-01-26 22:30:00,completed
T002620,M007,P0940,363.98,2025-01-26 22:45:00,failed
T002621,M023,P0213,317.38,2025-01-26 23:00:00,completed
T002622,M015,P0248,385.78,2025-01-26 23:15:00,pending
T002623,M011,P0930,484.64,2025-01-26 23:30:00,pending
T002624,M005,P0224,449.49,2025-01-26 23:45:00,failed
T002625,M020,P0925,306.68,2025-01-27 00:00:00,failed
T002626,M022,P0597,162.1,2025-01-27 00:15:00,completed
T002627,M001,P1189,243.23,2025-01-27 00:30:00,pending
T002628,M023,P0040,208.47,2025-01-27 00:45:00,failed
T002629,M017,P1136,367.29,2025-01-27 01:00:00,failed
T002630,M003,P0271,51.02,2025-01-27 01:15:00,completed
T002631,M019,P0043,497.49,2025-01-27 01:30:00,failed
T002632,M003,P0869,199.33,2025-01-27 01:45:00,failed
T002633,M002,P0640,153.11,2025-01-27 02:00:00,failed
T002634,M003,P1005,597.48,2025-01-27 02:15:00,completed
T002635,M012,P0131,277.45,2025-01-27 02:30:00,pending
T002636,M015,P0097,542.89,2025-01-27 02:45:00,completed
T002637,M010,P0681,24.12,2025-01-27 03:00:00,completed
T002638,M003,P1059,789.94,2025-01-27 03:15:00,pending
T002639,M005,P0487,1.0,2025-01-27 03:30:00,completed
T002640,M021,P0958,220.59,2025-01-27 03:45:00,completed
T002641,M024,P1088,302.34,2025-01-27 04:00:00,pending
T002642,M019,P1044,496.12,2025-01-27 04:15:00,completed
T002643,M003,P0611,329.74,2025-01-27 04:30:00,failed
T002644,M020,P0839,319.01,2025-01-27 04:45:00,pending
T002645,M017,P0631,442.66,2025-01-27 05:00:00,failed
T002646,M013,P0809,53.68,2025-01-27 05:15:00,pending
T002647,M004,P0681,708.69,2025-01-27 05:30:00,completed
T002648,M024,P0631,325.28,2025-01-27 05:45:00,failed
T002649,M011,P0525,278.4,2025-01-27 06:00:00,failed
T002650,M002,P0784,669.1,2025-01-27 06:15:00,completed
T002651,M006,P0902,454.39,2025-01-27 06:30:00,pending
T002652,M010,P1103,100.86,2025-01-27 06:45:00,failed
T002653,M002,P0736,278.19,2025-01-27 07:00:00,completed
T002654,M008,P0121,40.05,2025-01-27 07:15:00,completed
T002655,M012,P0705,497.48,2025-01-27 07:30:00,completed
T002656,M023,P0379,618.79,2025-01-27 07:45:00,completed
T002657,M003,P0033,677.71,2025-01-27 08:00:00,completed
T002658,M014,P0087,429.02,2025-01-27 08:15:00,completed
T002659,M022,P0710,128.25,2025-01-27 08:30:00,completed
T002660,M020,P1134,260.33,2025-01-27 08:45:00,completed
T002661,M023,P0607,154.3,2025-01-27 09:00:00,completed
T002662,M005,P0535,266.17,2025-01-27 09:15:00,failed
T002663,M020,P0107,291.47,2025-01-27 09:30:00,pending
T002664,M024,P0811,208.64,2025-01-27 09:45:00,failed
T002665,M008,P0067,662.3,2025-01-27 10:00:00,completed
T002666,M012,P1010,640.78,2025-01-27 10:15:00,failed
T002667,M013,P0980,167.03,2025-01-27 10:30:00,failed
T002668,M012,P1190,261.76,2025-01-27 10:45:00,failed
T002669,M007,P0342,288.13,2025-01-27 11:00:00,pending
T002670,M024,P0195,619.97,2025-01-27 11:15:00,pending
T002671,M023,P0360,564.29,2025-01-27 11:30:00,pending
T002672,M010,P0960,383.17,2025-01-27 11:45:00,failed
T002673,M020,P0263,209.23,2025-01-27 12:00:00,pending
T002674,M010,P1065,143.67,2025-01-27 12:15:00,pending
T002675,M020,P0186,271.24,2025-01-27 12:30:00,pending
T002676,M015,P0059,5.87,2025-01-27 12:45:00,completed
T002677,M012,P0264,341.66,2025-01-27 13:00:00,completed
T002678,M004,P0905,551.94,2025-01-27 13:15:00,failed
T002679,M016,P0723,244.67,2025-01-27 13:30:00,pending
T002680,M008,P0426,432.77,2025-01-27 13:45:00,completed
T002681,M006,P0788,1.0,2025-01-27 14:00:00,pending
T002682,M005,P0779,311.55,2025-01-27 14:15:00,pending
T002683,M024,P0666,679.63,2025-01-27 14:30:00,failed
T002684,M003,P0617,515.27,2025-01-27 14:45:00,pending
T002685,M020,P0122,331.91,2025-01-27 15:00:00,pending
T002686,M021,P0312,103.43,2025-01-27 15:15:00,pending
T002687,M001,P0634,457.23,2025-01-27 15:30:00,failed
T002688,M015,P0163,671.32,2025-01-27 15:45:00,pending
T002689,M014,P0572,531.45,2025-01-27 16:00:00,pending
T002690,M009,P0141,169.3,2025-01-27 16:15:00,pending
T002691,M017,P0945,103.67,2025-01-27 16:30:00,completed
T002692,M010,P0124,209.93,2025-01-27 16:45:00,failed
T002693,M011,P0112,616.44,2025-01-27 17:00:00,completed
T002694,M011,P0766,327.39,2025-01-27 17:15:00,pending
T002695,M020,P0265,444.51,2025-01-27 17:30:00,completed
T002696,M016,P0422,294.76,2025-01-27 17:45:00,failed
T002697,M010,P0378,468.92,2025-01-27 18:00:00,failed
T002698,M023,P0260,283.54,2025-01-27 18:15:00,pending
T002699,M020,P0915,475.28,2025-01-27 18:30:00,failed
T002700,M023,P0831,206.3,2025-01-27 18:45:00,failed
T002701,M018,P0287,457.97,2025-01-27 19:00:00,failed
T002702,M010,P0825,438.0,2025-01-27 19:15:00,completed
T002703,M019,P0857,268.31,2025-01-27 19:30:00,completed
T002704,M008,P0648,662.31,2025-01-27 19:45:00,pending
T002705,M007,P0695,628.39,2025-01-27 20:00:00,pending
T002706,M011,P1122,280.19,2025-01-27 20:15:00,failed
T002707,M024,P0545,295.94,2025-01-27 20:30:00,completed
T002708,M014,P0463,286.31,2025-01-27 20:45:00,pending
T002709,M010,P0647,236.14,2025-01-27 21:00:00,failed
T002710,M012,P1004,341.42,2025-01-27 21:15:00,completed
T002711,M007,P0852,668.32,2025-01-27 21:30:00,pending
T002712,M016,P0091,443.27,2025-01-27 21:45:00,failed
T002713,M009,P0552,722.79,2025-01-27 22:00:00,pending
T002714,M014,P0888,302.48,2025-01-27 22:15:00,failed
T002715,M009,P0269,139.8,2025-01-27 22:30:00,pending
T002716,M008,P1187,211.38,2025-01-27 22:45:00,pending
T002717,M024,P0970,332.93,2025-01-27 23:00:00,pending
T002718,M009,P1016,630.24,2025-01-27 23:15:00,failed
T002719,M002,P0099,557.88,2025-01-27 23:30:00,pending
T002720,M010,P0696,142.25,2025-01-27 23:45:00,failed
T002721,M013,P0634,626.46,2025-01-28 00:00:00,completed
T002722,M003,P0753,151.06,2025-01-28 00:15:00,completed
T002723,M008,P1021,32.82,2025-01-28 00:30:00,completed
T002724,M004,P0424,88.17,2025-01-28 00:45:00,pending
T002725,M013,P0641,237.89,2025-01-28 01:00:00,pending
T002726,M018,P0816,282.43,2025-01-28 01:15:00,failed
T002727,M024,P0904,414.02,2025-01-28 01:30:00,pending
T002728,M010,P0925,361.73,2025-01-28 01:45:00,failed
T002729,M021,P0405,695.76,2025-01-28 02:00:00,pending
T002730,M006,P1198,419.2,2025-01-28 02:15:00,failed
T002731,M019,P0012,68.21,2025-01-28 02:30:00,pending
T002732,M014,P0591,264.1,2025-01-28 02:45:00,completed
T002733,M019,P0731,539.1,2025-01-28 03:00:00,pending
T002734,M019,P0074,460.08,2025-01-28 03:15:00,completed
T002735,M013,P0542,470.78,2025-01-28 03:30:00,pending
T002736,M007,P0716,546.54,2025-01-28 03:45:00,pending
T002737,M013,P0730,213.38,2025-01-28 04:00:00,completed
T002738,M020,P0143,279.76,2025-01-28 04:15:00,pending
T002739,M024,P0334,412.92,2025-01-28 04:30:00,pending
T002740,M023,P0294,359.0,2025-01-28 04:45:00,completed
T002741,M005,P0768,156.56,2025-01-28 05:00:00,pending
T002742,M015,P0395,357.95,2025-01-28 05:15:00,completed
T002743,M003,P0686,252.77,2025-01-28 05:30:00,pending
T002744,M017,P0878,374.12,2025-01-28 05:45:00,completed
T002745,M024,P0957,239.06,2025-01-28 06:00:00,completed
T002746,M002,P0221,169.0,2025-01-28 06:15:00,failed
T002747,M016,P1085,772.23,2025-01-28 06:30:00,pending
T002748,M023,P0199,399.16,2025-01-28 06:45:00,pending
T002749,M021,P0027,560.98,2025-01-28 07:00:00,failed
T002750,M010,P0054,1.0,2025-01-28 07:15:00,pending
T002751,M003,P0242,278.13,2025-01-28 07:30:00,failed
T002752,M023,P1048,307.41,2025-01-28 07:45:00,failed
T002753,M023,P0250,387.02,2025-01-28 08:00:00,pending
T002754,M014,P0833,145.11,2025-01-28 08:15:00,failed
T002755,M024,P0503,421.93,2025-01-28 08:30:00,completed
T002756,M001,P0048,412.55,2025-01-28 08:45:00,completed
T002757,M015,P0533,256.44,2025-01-28 09:00:00,pending
T002758,M001,P0034,331.37,2025-01-28 09:15:00,pending
T002759,M023,P0572,669.35,2025-01-28 09:30:00,pending
T002760,M017,P0671,483.71,2025-01-28 09:45:00,completed
T002761,M022,P0626,339.26,2025-01-28 10:00:00,failed
T002762,M014,P0340,463.82,2025-01-28 10:15:00,completed
T002763,M002,P0920,296.15,2025-01-28 10:30:00,failed
T002764,M001,P0717,1.0,2025-01-28 10:45:00,pending
T002765,M009,P0306,579.04,2025-01-28 11:00:00,pending
T002766,M018,P0522,689.72,2025-01-28 11:15:00,failed
T002767,M004,P0131,346.84,2025-01-28 11:30:00,failed
T002768,M021,P1108,274.47,2025-01-28 11:45:00,failed
T002769,M006,P0904,352.06,2025-01-28 12:00:00,failed
T002770,M012,P0346,646.74,2025-01-28 12:15:00,completed
T002771,M005,P0810,753.11,2025-01-28 12:30:00,failed
T002772,M012,P0815,348.04,2025-01-28 12:45:00,completed
T002773,M011,P0732,116.91,2025-01-28 13:00:00,pending
T002774,M001,P0065,363.74,2025-01-28 13:15:00,pending
T002775,M014,P1055,297.95,2025-01-28 13:30:00,completed
T002776,M019,P1148,244.57,2025-01-28 13:45:00,failed
T002777,M023,P1169,376.44,2025-01-28 14:00:00,completed
T002778,M008,P1177,545.68,2025-01-28 14:15:00,pending
T002779,M022,P1115,331.21,2025-01-28 14:30:00,completed
T002780,M022,P0887,313.8,2025-01-28 14:45:00,completed
T002781,M024,P0069,325.48,2025-01-28 15:00:00,pending
T002782,M009,P0559,486.76,2025-01-28 15:15:00,pending
T002783,M021,P0295,192.35,2025-01-28 15:30:00,pending
T002784,M014,P0264,350.19,2025-01-28 15:45:00,failed
T002785,M002,P0997,371.82,2025-01-28 16:00:00,completed
T002786,M007,P0976,308.45,2025-01-28 16:15:00,pending
T002787,M017,P0627,493.14,2025-01-28 16:30:00,completed
T002788,M004,P0884,309.55,2025-01-28 16:45:00,failed
T002789,M011,P0156,379.23,2025-01-28 17:00:00,completed
T002790,M019,P0267,164.51,2025-01-28 17:15:00,completed
T002791,M004,P1033,343.46,2025-01-28 17:30:00,completed
T002792,M012,P0542,160.79,2025-01-28 17:45:00,pending
T002793,M006,P0656,282.59,2025-01-28 18:00:00,failed
T002794,M013,P0556,519.45,2025-01-28 18:15:00,failed
T002795,M006,P0243,333.38,2025-01-28 18:30:00,pending
T002796,M024,P0992,366.61,2025-01-28 18:45:00,completed
T002797,M002,P0910,133.35,2025-01-28 19:00:00,failed
T002798,M024,P0821,87.18,2025-01-28 19:15:00,failed
T002799,M020,P0424,157.98,2025-01-28 19:30:00,failed
T002800,M021,P0772,218.04,2025-01-28 19:45:00,completed
T002801,M021,P1144,433.92,2025-01-28 20:00:00,completed
T002802,M005,P0780,486.72,2025-01-28 20:15:00,pending
T002803,M023,P0594,165.31,2025-01-28 20:30:00,pending
T002804,M015,P0325,359.51,2025-01-28 20:45:00,failed
T002805,M024,P0628,769.0,2025-01-28 21:00:00,completed
T002806,M022,P0447,243.28,2025-01-28 21:15:00,completed
T002807,M014,P0734,473.31,2025-01-28 21:30:00,failed
T002808,M009,P0055,56.67,2025-01-28 21:45:00,failed
T002809,M003,P0229,198.35,2025-01-28 22:00:00,failed
T002810,M003,P0945,274.92,2025-01-28 22:15:00,pending
T002811,M010,P0457,290.1,2025-01-28 22:30:00,failed
T002812,M020,P0520,602.71,2025-01-28 22:45:00,failed
T002813,M013,P0653,93.93,2025-01-28 23:00:00,pending
T002814,M012,P0526,538.25,2025-01-28 23:15:00,completed
T002815,M006,P0911,344.57,2025-01-28 23:30:00,pending
T002816,M014,P0295,107.24,2025-01-28 23:45:00,failed
T002817,M016,P0911,308.6,2025-01-29 00:00:00,failed
T002818,M024,P0252,386.94,2025-01-29 00:15:00,completed
T002819,M018,P0445,97.74,2025-01-29 00:30:00,completed
T002820,M015,P0706,370.8,2025-01-29 00:45:00,failed
T002821,M022,P1064,384.17,2025-01-29 01:00:00,failed
T002822,M011,P0280,271.2,2025-01-29 01:15:00,failed
T002823,M023,P0705,219.35,2025-01-29 01:30:00,pending
T002824,M009,P0078,315.35,2025-01-29 01:45:00,pending
T002825,M004,P0091,333.63,2025-01-29 02:00:00,failed
T002826,M011,P0922,1.0,2025-01-29 02:15:00,pending
T002827,M004,P0863,249.03,2025-01-29 02:30:00,pending
T002828,M003,P0452,374.53,2025-01-29 02:45:00,failed
T002829,M022,P0748,565.92,2025-01-29 03:00:00,failed
T002830,M020,P0457,486.68,2025-01-29 03:15:00,pending
T002831,M006,P0333,598.85,2025-01-29 03:30:00,pending
T002832,M021,P0518,657.78,2025-01-29 03:45:00,completed
T002833,M002,P0375,683.15,2025-01-29 04:00:00,failed
T002834,M007,P0979,477.15,2025-01-29 04:15:00,completed
T002835,M017,P0495,313.06,2025-01-29 04:30:00,pending
T002836,M008,P0386,289.19,2025-01-29 04:45:00,completed
T002837,M018,P0644,461.83,2025-01-29 05:00:00,failed
T002838,M021,P0910,315.6,2025-01-29 05:15:00,pending
T002839,M002,P0329,1.0,2025-01-29 05:30:00,completed
T002840,M001,P1128,310.31,2025-01-29 05:45:00,pending
T002841,M023,P0557,432.0,2025-01-29 06:00:00,failed
T002842,M013,P0794,404.05,2025-01-29 06:15:00,pending
T002843,M013,P1149,609.98,2025-01-29 06:30:00,pending
T002844,M012,P0519,781.53,2025-01-29 06:45:00,pending
T002845,M011,P0240,545.68,2025-01-29 07:00:00,failed
T002846,M017,P0898,606.51,2025-01-29 07:15:00,pending
T002847,M014,P0008,139.65,2025-01-29 07:30:00,completed
T002848,M004,P0550,609.97,2025-01-29 07:45:00,failed
T002849,M016,P1176,13.93,2025-01-29 08:00:00,pending
T002850,M017,P0498,445.79,2025-01-29 08:15:00,failed
T002851,M003,P0821,704.46,2025-01-29 08:30:00,failed
T002852,M010,P0631,639.73,2025-01-29 08:45:00,pending
T002853,M019,P0258,249.3,2025-01-29 09:00:00,completed
T002854,M015,P0382,130.04,2025-01-29 09:15:00,completed
T002855,M004,P0629,154.19,2025-01-29 09:30:00,completed
T002856,M001,P0126,149.78,2025-01-29 09:45:00,failed
T002857,M014,P0498,483.25,2025-01-29 10:00:00,completed
T002858,M012,P0498,131.65,2025-01-29 10:15:00,failed
T002859,M024,P1002,254.99,2025-01-29 10:30:00,failed
T002860,M013,P0149,300.08,2025-01-29 10:45:00,failed
T002861,M023,P1012,356.16,2025-01-29 11:00:00,completed
T002862,M006,P0493,544.84,2025-01-29 11:15:00,failed
T002863,M011,P0782,294.18,2025-01-29 11:30:00,pending
T002864,M004,P0669,363.7,2025-01-29 11:45:00,failed
T002865,M014,P0360,434.72,2025-01-29 12:00:00,pending
T002866,M005,P1117,189.69,2025-01-29 12:15:00,pending
T002867,M012,P0270,220.55,2025-01-29 12:30:00,failed
T002868,M009,P0044,213.01,2025-01-29 12:45:00,completed
T002869,M005,P0901,477.27,2025-01-29 13:00:00,failed
T002870,M003,P0746,65.65,2025-01-29 13:15:00,failed
T002871,M013,P1069,289.9,2025-01-29 13:30:00,pending
T002872,M023,P0550,88.16,2025-01-29 13:45:00,completed
T002873,M005,P0021,240.79,2025-01-29 14:00:00,failed
T002874,M010,P0025,279.21,2025-01-29 14:15:00,failed
T002875,M006,P0520,377.34,2025-01-29 14:30:00,pending
T002876,M020,P0300,616.01,2025-01-29 14:45:00,failed
T002877,M010,P1107,437.88,2025-01-29 15:00:00,completed
T002878,M024,P0143,367.01,2025-01-29 15:15:00,pending
T002879,M006,P1057,372.32,2025-01-29 15:30:00,completed
T002880,M002,P0261,241.93,2025-01-29 15:45:00,pending
T002881,M014,P0144,488.12,2025-01-29 16:00:00,pending
T002882,M016,P0330,618.48,2025-01-29 16:15:00,completed
T002883,M024,P0173,582.36,2025-01-29 16:30:00,pending
T002884,M021,P0482,302.79,2025-01-29 16:45:00,failed
T002885,M022,P0397,441.19,2025-01-29 17:00:00,pending
T002886,M016,P0635,652.46,2025-01-29 17:15:00,completed
T002887,M009,P0645,364.12,2025-01-29 17:30:00,pending
T002888,M011,P0002,267.27,2025-01-29 17:45:00,pending
T002889,M004,P0150,131.65,2025-01-29 18:00:00,failed
T002890,M011,P0195,202.4,2025-01-29 18:15:00,pending
T002891,M009,P0234,547.67,2025-01-29 18:30:00,pending
T002892,M001,P0113,372.9,2025-01-29 18:45:00,pending
T002893,M005,P0378,557.04,2025-01-29 19:00:00,completed
T002894,M013,P0660,713.29,2025-01-29 19:15:00,completed
T002895,M009,P0371,273.45,2025-01-29 19:30:00,pending
T002896,M024,P0395,452.86,2025-01-29 19:45:00,completed
T002897,M012,P0564,480.7,2025-01-29 20:00:00,pending
T002898,M024,P0659,529.53,2025-01-29 20:15:00,completed
T002899,M016,P0398,443.43,2025-01-29 20:30:00,pending
T002900,M001,P0267,444.02,2025-01-29 20:45:00,pending
T002901,M005,P0492,703.63,2025-01-29 21:00:00,pending
T002902,M017,P0030,24.96,2025-01-29 21:15:00,completed
T002903,M014,P0592,820.0,2025-01-29 21:30:00,failed
T002904,M008,P1130,619.2,2025-01-29 21:45:00,pending
T002905,M013,P0478,354.82,2025-01-29 22:00:00,pending
T002906,M022,P0130,226.07,2025-01-29 22:15:00,failed
T002907,M010,P0849,462.63,2025-01-29 22:30:00,completed
T002908,M002,P0153,634.22,2025-01-29 22:45:00,completed
T002909,M008,P0233,428.96,2025-01-29 23:00:00,completed
T002910,M023,P0176,1.0,2025-01-29 23:15:00,failed
T002911,M019,P1061,334.6,2025-01-29 23:30:00,completed
T002912,M021,P1178,390.25,2025-01-29 23:45:00,completed
T002913,M022,P0684,523.01,2025-01-30 00:00:00,failed
T002914,M003,P0742,358.78,2025-01-30 00:15:00,failed
T002915,M007,P0775,562.62,2025-01-30 00:30:00,failed
T002916,M002,P0733,456.08,2025-01-30 00:45:00,failed
T002917,M001,P0653,289.9,2025-01-30 01:00:00,completed
T002918,M021,P1185,410.58,2025-01-30 01:15:00,failed
T002919,M023,P0880,570.94,2025-01-30 01:30:00,failed
T002920,M004,P0107,325.68,2025-01-30 01:45:00,completed
T002921,M018,P0471,507.63,2025-01-30 02:00:00,pending
T002922,M013,P1170,334.27,2025-01-30 02:15:00,failed
T002923,M002,P0485,225.25,2025-01-30 02:30:00,completed
T002924,M022,P0245,500.81,2025-01-30 02:45:00,completed
T002925,M021,P1043,342.41,2025-01-30 03:00:00,failed
T002926,M014,P0748,46.72,2025-01-30 03:15:00,pending
T002927,M017,P0676,499.73,2025-01-30 03:30:00,failed
T002928,M010,P0505,409.47,2025-01-30 03:45:00,pending
T002929,M020,P0150,573.15,2025-01-30 04:00:00,pending
T002930,M011,P0461,341.88,2025-01-30 04:15:00,pending
T002931,M024,P0525,319.28,2025-01-30 04:30:00,failed
T002932,M002,P1118,573.05,2025-01-30 04:45:00,failed
T002933,M005,P0369,110.7,2025-01-30 05:00:00,completed
T002934,M024,P0180,535.67,2025-01-30 05:15:00,pending
T002935,M007,P0514,316.45,2025-01-30 05:30:00,pending
T002936,M008,P1197,425.32,2025-01-30 05:45:00,completed
T002937,M019,P0579,412.07,2025-01-30 06:00:00,failed
T002938,M005,P0455,451.03,2025-01-30 06:15:00,pending
T002939,M013,P0801,173.24,2025-01-30 06:30:00,pending
T002940,M007,P0779,560.02,2025-01-30 06:45:00,completed
T002941,M005,P0360,383.49,2025-01-30 07:00:00,completed
T002942,M024,P1162,329.35,2025-01-30 07:15:00,pending
T002943,M005,P0712,384.99,2025-01-30 07:30:00,failed
T002944,M003,P0070,285.18,2025-01-30 07:45:00,pending
T002945,M017,P0490,96.31,2025-01-30 08:00:00,failed
T002946,M021,P1108,379.87,2025-01-30 08:15:00,pending
T002947,M004,P0473,53.76,2025-01-30 08:30:00,pending
T002948,M017,P0682,339.83,2025-01-30 08:45:00,failed
T002949,M013,P0736,442.95,2025-01-30 09:00:00,failed
T002950,M020,P0846,205.73,2025-01-30 09:15:00,failed
T002951,M004,P1047,211.25,2025-01-30 09:30:00,pending
T002952,M024,P0180,353.39,2025-01-30 09:45:00,pending
T002953,M015,P0621,376.63,2025-01-30 10:00:00,completed
T002954,M021,P0641,273.8,2025-01-30 10:15:00,failed
T002955,M009,P0183,286.75,2025-01-30 10:30:00,pending
T002956,M023,P0809,211.27,2025-01-30 10:45:00,failed
T002957,M016,P0142,249.57,2025-01-30 11:00:00,pending
T002958,M004,P0548,425.78,2025-01-30 11:15:00,pending
T002959,M023,P0397,101.6,2025-01-30 11:30:00,pending
T002960,M020,P0186,186.19,2025-01-30 11:45:00,completed
T002961,M008,P0987,513.63,2025-01-30 12:00:00,failed
T002962,M014,P0293,270.84,2025-01-30 12:15:00,failed
T002963,M010,P0307,639.65,2025-01-30 12:30:00,failed
T002964,M014,P1026,525.14,2025-01-30 12:45:00,failed
T002965,M024,P1053,428.29,2025-01-30 13:00:00,completed
T002966,M022,P0042,460.04,2025-01-30 13:15:00,completed
T002967,M006,P0334,567.66,2025-01-30 13:30:00,completed
T002968,M024,P0851,674.3,2025-01-30 13:45:00,pending
T002969,M011,P0934,503.09,2025-01-30 14:00:00,failed
T002970,M017,P1200,395.27,2025-01-30 14:15:00,failed
T002971,M019,P0666,374.7,2025-01-30 14:30:00,pending
T002972,M012,P0009,333.79,2025-01-30 14:45:00,failed
T002973,M011,P1049,389.81,2025-01-30 15:00:00,completed
T002974,M011,P0194,410.78,2025-01-30 15:15:00,failed
T002975,M021,P0145,353.84,2025-01-30 15:30:00,completed
T002976,M010,P0809,469.36,2025-01-30 15:45:00,completed
T002977,M007,P0725,380.09,2025-01-30 16:00:00,completed
T002978,M009,P0072,672.33,2025-01-30 16:15:00,failed
T002979,M005,P0204,324.46,2025-01-30 16:30:00,completed
T002980,M010,P0708,288.35,2025-01-30 16:45:00,completed
T002981,M003,P0307,262.09,2025-01-30 17:00:00,failed
T002982,M003,P0821,599.49,2025-01-30 17:15:00,pending
T002983,M018,P0495,429.99,2025-01-30 17:30:00,pending
T002984,M002,P0706,461.44,2025-01-30 17:45:00,failed
T002985,M014,P0570,363.28,2025-01-30 18:00:00,completed
T002986,M019,P0439,410.86,2025-01-30 18:15:00,completed
T002987,M018,P0411,270.59,2025-01-30 18:30:00,pending
T002988,M011,P0837,386.76,2025-01-30 18:45:00,pending
T002989,M005,P0618,458.53,2025-01-30 19:00:00,failed
T002990,M023,P0714,477.82,2025-01-30 19:15:00,completed
T002991,M021,P0693,186.86,2025-01-30 19:30:00,pending
T002992,M015,P0250,254.79,2025-01-30 19:45:00,pending
T002993,M003,P1096,157.03,2025-01-30 20:00:00,failed
T002994,M001,P0676,175.57,2025-01-30 20:15:00,completed
T002995,M008,P0862,224.2,2025-01-30 20:30:00,completed
T002996,M004,P1059,247.3,2025-01-30 20:45:00,pending
T002997,M021,P1110,316.13,2025-01-30 21:00:00,completed
T002998,M005,P0801,499.93,2025-01-30 21:15:00,completed
T002999,M007,P0945,502.41,2025-01-30 21:30:00,failed
T003000,M024,P0567,446.76,2025-01-30 21:45:00,failed
T003001,M020,P0886,363.25,2025-01-30 22:00:00,failed
T003002,M006,P0386,203.31,2025-01-30 22:15:00,pending
T003003,M010,P0855,582.18,2025-01-30 22:30:00,completed
T003004,M013,P0104,225.21,2025-01-30 22:45:00,pending
T003005,M016,P1098,357.17,2025-01-30 23:00:00,failed
T003006,M023,P0294,146.92,2025-01-30 23:15:00,completed
T003007,M021,P0788,381.98,2025-01-30 23:30:00,completed
T003008,M024,P0014,178.54,2025-01-30 23:45:00,completed
T003009,M001,P0187,83.76,2025-01-31 00:00:00,pending
T003010,M006,P1184,283.14,2025-01-31 00:15:00,pending
T003011,M014,P1001,334.68,2025-01-31 00:30:00,failed
T003012,M002,P0267,467.13,2025-01-31 00:45:00,completed
T003013,M009,P0158,338.2,2025-01-31 01:00:00,completed
T003014,M004,P0978,317.08,2025-01-31 01:15:00,completed
T003015,M023,P1189,208.32,2025-01-31 01:30:00,pending
T003016,M002,P0203,122.72,2025-01-31 01:45:00,completed
T003017,M004,P0797,447.1,2025-01-31 02:00:00,pending
T003018,M005,P0341,515.28,2025-01-31 02:15:00,failed
T003019,M004,P0894,289.08,2025-01-31 02:30:00,completed
T003020,M014,P0502,147.93,2025-01-31 02:45:00,pending
T003021,M009,P0151,228.0,2025-01-31 03:00:00,failed
T003022,M022,P0390,560.69,2025-01-31 03:15:00,failed
T003023,M007,P0647,649.99,2025-01-31 03:30:00,completed
T003024,M013,P0959,680.79,2025-01-31 03:45:00,pending
T003025,M016,P0026,297.86,2025-01-31 04:00:00,completed
T003026,M016,P1150,180.41,2025-01-31 04:15:00,completed
T003027,M020,P0780,425.64,2025-01-31 04:30:00,pending
T003028,M005,P1051,148.11,2025-01-31 04:45:00,failed
T003029,M013,P1117,434.0,2025-01-31 05:00:00,pending
T003030,M020,P0185,426.85,2025-01-31 05:15:00,pending
T003031,M021,P0113,513.16,2025-01-31 05:30:00,pending
T003032,M015,P0933,175.59,2025-01-31 05:45:00,pending
T003033,M016,P0226,264.65,2025-01-31 06:00:00,pending
T003034,M021,P0178,331.78,2025-01-31 06:15:00,pending
T003035,M015,P0563,368.38,2025-01-31 06:30:00,failed
T003036,M023,P1097,651.38,2025-01-31 06:45:00,failed
T003037,M004,P0955,220.51,2025-01-31 07:00:00,completed
T003038,M009,P0622,162.58,2025-01-31 07:15:00,completed
T003039,M003,P0236,363.1,2025-01-31 07:30:00,pending
T003040,M003,P0404,553.64,2025-01-31 07:45:00,pending
T003041,M012,P0827,274.35,2025-01-31 08:00:00,pending
T003042,M006,P0189,425.81,2025-01-31 08:15:00,completed
T003043,M010,P0630,252.81,2025-01-31 08:30:00,failed
T003044,M011,P0015,241.45,2025-01-31 08:45:00,failed
T003045,M015,P0391,460.87,2025-01-31 09:00:00,failed
T003046,M023,P0298,434.91,2025-01-31 09:15:00,completed
T003047,M021,P0818,451.94,2025-01-31 09:30:00,completed
T003048,M010,P1097,87.02,2025-01-31 09:45:00,failed
T003049,M008,P0176,432.84,2025-01-31 10:00:00,failed
T003050,M019,P0957,243.82,2025-01-31 10:15:00,pending
T003051,M003,P0788,739.15,2025-01-31 10:30:00,failed
T003052,M013,P1164,216.77,2025-01-31 10:45:00,failed
T003053,M011,P1094,557.46,2025-01-31 11:00:00,pending
T003054,M005,P0121,269.46,2025-01-31 11:15:00,completed
T003055,M015,P0892,574.83,2025-01-31 11:30:00,failed
T003056,M008,P0711,68.91,2025-01-31 11:45:00,completed
T003057,M005,P0136,447.92,2025-01-31 12:00:00,pending
T003058,M016,P0309,627.17,2025-01-31 12:15:00,pending
T003059,M005,P1113,240.89,2025-01-31 12:30:00,pending
T003060,M017,P0652,669.63,2025-01-31 12:45:00,pending
T003061,M004,P0407,196.83,2025-01-31 13:00:00,failed
T003062,M011,P0385,419.95,2025-01-31 13:15:00,failed
T003063,M020,P1006,195.68,2025-01-31 13:30:00,failed
T003064,M006,P0341,309.51,2025-01-31 13:45:00,completed
T003065,M019,P0191,305.89,2025-01-31 14:00:00,failed
T003066,M018,P0689,362.83,2025-01-31 14:15:00,failed
T003067,M022,P1192,379.5,2025-01-31 14:30:00,failed
T003068,M005,P0220,250.07,2025-01-31 14:45:00,completed
T003069,M018,P0307,328.65,2025-01-31 15:00:00,pending
T003070,M023,P0563,271.01,2025-01-31 15:15:00,completed
T003071,M019,P0240,408.31,2025-01-31 15:30:00,completed
T003072,M005,P0781,218.52,2025-01-31 15:45:00,pending
T003073,M020,P0305,299.61,2025-01-31 16:00:00,pending
T003074,M003,P0154,643.26,2025-01-31 16:15:00,pending
T003075,M015,P0314,353.4,2025-01-31 16:30:00,failed
T003076,M012,P1117,263.02,2025-01-31 16:45:00,failed
T003077,M013,P1122,347.16,2025-01-31 17:00:00,failed
T003078,M013,P0607,319.43,2025-01-31 17:15:00,pending
T003079,M001,P0481,181.34,2025-01-31 17:30:00,pending
T003080,M013,P0984,1.0,2025-01-31 17:45:00,failed
T003081,M023,P0234,146.96,2025-01-31 18:00:00,pending
T003082,M011,P0785,499.47,2025-01-31 18:15:00,pending
T003083,M007,P0817,587.43,2025-01-31 18:30:00,completed
T003084,M024,P0853,471.14,2025-01-31 18:45:00,failed
T003085,M003,P0262,268.48,2025-01-31 19:00:00,pending
T003086,M012,P0860,556.41,2025-01-31 19:15:00,pending
T003087,M013,P0735,361.62,2025-01-31 19:30:00,completed
T003088,M012,P1051,284.28,2025-01-31 19:45:00,pending
T003089,M023,P0210,705.12,2025-01-31 20:00:00,failed
T003090,M011,P0737,590.49,2025-01-31 20:15:00,completed
T003091,M024,P0996,655.4,2025-01-31 20:30:00,completed
T003092,M002,P0334,262.7,2025-01-31 20:45:00,failed
T003093,M018,P0893,164.06,2025-01-31 21:00:00,completed
T003094,M015,P0120,470.07,2025-01-31 21:15:00,completed
T003095,M006,P0862,314.61,2025-01-31 21:30:00,pending
T003096,M006,P0728,450.12,2025-01-31 21:45:00,failed
T003097,M018,P0232,15.67,2025-01-31 22:00:00,pending
T003098,M016,P0080,287.16,2025-01-31 22:15:00,completed
T003099,M015,P0895,445.83,2025-01-31 22:30:00,completed
T003100,M002,P0290,596.74,2025-01-31 22:45:00,failed
T003101,M015,P0597,331.13,2025-01-31 23:00:00,failed
T003102,M024,P0073,360.28,2025-01-31 23:15:00,pending
T003103,M001,P1157,386.13,2025-01-31 23:30:00,failed
T003104,M012,P0659,376.55,2025-01-31 23:45:00,pending
T003105,M012,P1118,285.02,2025-02-01 00:00:00,completed
T003106,M022,P0193,470.87,2025-02-01 00:15:00,pending
T003107,M007,P0247,248.53,2025-02-01 00:30:00,failed
T003108,M012,P0733,266.74,2025-02-01 00:45:00,failed
T003109,M018,P0726,572.39,2025-02-01 01:00:00,pending
T003110,M002,P0950,364.24,2025-02-01 01:15:00,completed
T003111,M020,P1114,270.69,2025-02-01 01:30:00,pending
T003112,M020,P0987,592.88,2025-02-01 01:45:00,completed
T003113,M018,P0169,466.61,2025-02-01 02:00:00,pending
T003114,M016,P0372,459.12,2025-02-01 02:15:00,pending
T003115,M018,P1097,101.56,2025-02-01 02:30:00,failed
T003116,M019,P0659,313.1,2025-02-01 02:45:00,pending
T003117,M022,P1041,219.34,2025-02-01 03:00:00,completed
T003118,M011,P0676,13.01,2025-02-01 03:15:00,completed
T003119,M011,P0060,107.62,2025-02-01 03:30:00,completed
T003120,M016,P0568,337.5,2025-02-01 03:45:00,completed
T003121,M005,P0990,207.25,2025-02-01 04:00:00,failed
T003122,M021,P0787,271.91,2025-02-01 04:15:00,failed
T003123,M019,P0160,546.3,2025-02-01 04:30:00,completed
T003124,M016,P0253,475.34,2025-02-01 04:45:00,failed
T003125,M008,P1026,386.58,2025-02-01 05:00:00,completed
T003126,M009,P1176,333.68,2025-02-01 05:15:00,failed
T003127,M011,P0904,127.59,2025-02-01 05:30:00,failed
T003128,M016,P0118,215.88,2025-02-01 05:45:00,pending
